/*
 Navicat MySQL Data Transfer

 Source Server         : 本地
 Source Server Type    : MySQL
 Source Server Version : 80023
 Source Host           : localhost:3306
 Source Schema         : story_meta_service

 Target Server Type    : MySQL
 Target Server Version : 80023
 File Encoding         : 65001

 Date: 25/06/2025 11:34:13
*/

SET NAMES utf8mb4;
SET FOREIGN_KEY_CHECKS = 0;

-- ----------------------------
-- Table structure for author_follow
-- ----------------------------
DROP TABLE IF EXISTS `author_follow`;
CREATE TABLE `author_follow`  (
  `id` bigint NOT NULL AUTO_INCREMENT COMMENT '关注ID',
  `follower_id` bigint NOT NULL COMMENT '关注者ID',
  `author_id` bigint NOT NULL COMMENT '被关注的作者ID',
  `is_delete` int NOT NULL DEFAULT 0 COMMENT '是否关注：0-关注  1-取消关注',
  `create_time` datetime NOT NULL DEFAULT CURRENT_TIMESTAMP COMMENT '关注时间',
  PRIMARY KEY (`id`) USING BTREE,
  UNIQUE INDEX `idx_follower_author`(`follower_id`, `author_id`) USING BTREE,
  INDEX `idx_author_id`(`author_id`) USING BTREE,
  INDEX `idx_follower_id`(`follower_id`) USING BTREE,
  CONSTRAINT `fk_follow_author` FOREIGN KEY (`author_id`) REFERENCES `user` (`id`) ON DELETE CASCADE ON UPDATE CASCADE,
  CONSTRAINT `fk_follow_follower` FOREIGN KEY (`follower_id`) REFERENCES `user` (`id`) ON DELETE CASCADE ON UPDATE CASCADE
) ENGINE = InnoDB CHARACTER SET = utf8mb4 COLLATE = utf8mb4_0900_ai_ci COMMENT = '作者关注关系表' ROW_FORMAT = DYNAMIC;

-- ----------------------------
-- Records of author_follow
-- ----------------------------
INSERT INTO `author_follow` VALUES (1, 12, 3, 1, '2025-06-24 17:41:13');
INSERT INTO `author_follow` VALUES (2, 12, 2, 0, '2025-06-24 17:41:25');

-- ----------------------------
-- Table structure for author_profile
-- ----------------------------
DROP TABLE IF EXISTS `author_profile`;
CREATE TABLE `author_profile`  (
  `id` bigint NOT NULL AUTO_INCREMENT COMMENT '档案ID',
  `author_id` bigint NOT NULL COMMENT '用户ID（关联user表）',
  `pen_name` varchar(50) CHARACTER SET utf8mb4 COLLATE utf8mb4_0900_ai_ci NULL DEFAULT NULL COMMENT '笔名',
  `bio` text CHARACTER SET utf8mb4 COLLATE utf8mb4_0900_ai_ci NULL COMMENT '作者简介',
  `specialties` varchar(200) CHARACTER SET utf8mb4 COLLATE utf8mb4_0900_ai_ci NULL DEFAULT NULL COMMENT '擅长领域（多个用逗号分隔）',
  `works_count` int NOT NULL DEFAULT 0 COMMENT '作品数量',
  `total_words` bigint NOT NULL DEFAULT 0 COMMENT '总创作字数',
  `fans_count` int NOT NULL DEFAULT 0 COMMENT '粉丝数量',
  `following_count` int NOT NULL DEFAULT 0 COMMENT '关注数量',
  `total_reads` bigint NOT NULL DEFAULT 0 COMMENT '总阅读量',
  `total_favorites` bigint NOT NULL DEFAULT 0 COMMENT '总收藏量',
  `author_level` tinyint NOT NULL DEFAULT 1 COMMENT '作者等级：1-新手，2-进阶，3-资深，4-大神，5-殿堂级',
  `certification_status` tinyint NOT NULL DEFAULT 0 COMMENT '认证状态：0-未认证，1-个人认证，2-机构认证',
  `certification_info` varchar(100) CHARACTER SET utf8mb4 COLLATE utf8mb4_0900_ai_ci NULL DEFAULT NULL COMMENT '认证信息',
  `social_weibo` varchar(200) CHARACTER SET utf8mb4 COLLATE utf8mb4_0900_ai_ci NULL DEFAULT NULL COMMENT '微博链接',
  `social_wechat` varchar(100) CHARACTER SET utf8mb4 COLLATE utf8mb4_0900_ai_ci NULL DEFAULT NULL COMMENT '微信公众号',
  `social_qq` varchar(50) CHARACTER SET utf8mb4 COLLATE utf8mb4_0900_ai_ci NULL DEFAULT NULL COMMENT 'QQ号',
  `contact_email` varchar(100) CHARACTER SET utf8mb4 COLLATE utf8mb4_0900_ai_ci NULL DEFAULT NULL COMMENT '联系邮箱',
  `homepage_url` varchar(255) CHARACTER SET utf8mb4 COLLATE utf8mb4_0900_ai_ci NULL DEFAULT NULL COMMENT '个人主页链接',
  `awards` text CHARACTER SET utf8mb4 COLLATE utf8mb4_0900_ai_ci NULL COMMENT '获奖经历（JSON格式）',
  `monthly_income` decimal(10, 2) NOT NULL DEFAULT 0.00 COMMENT '月度收入',
  `is_contracted` tinyint NOT NULL DEFAULT 0 COMMENT '是否签约：0-未签约，1-已签约',
  `contract_level` tinyint NULL DEFAULT NULL COMMENT '签约等级：1-青铜，2-白银，3-黄金，4-铂金，5-钻石',
  `last_active_time` datetime NULL DEFAULT NULL COMMENT '最后活跃时间',
  `create_time` datetime NOT NULL DEFAULT CURRENT_TIMESTAMP COMMENT '创建时间',
  `update_time` datetime NOT NULL DEFAULT CURRENT_TIMESTAMP ON UPDATE CURRENT_TIMESTAMP COMMENT '更新时间',
  PRIMARY KEY (`id`) USING BTREE,
  UNIQUE INDEX `idx_user_id`(`author_id`) USING BTREE,
  INDEX `idx_author_level`(`author_level`) USING BTREE,
  INDEX `idx_certification_status`(`certification_status`) USING BTREE,
  INDEX `idx_works_count`(`works_count`) USING BTREE,
  INDEX `idx_fans_count`(`fans_count`) USING BTREE,
  CONSTRAINT `fk_author_profile_user` FOREIGN KEY (`author_id`) REFERENCES `user` (`id`) ON DELETE CASCADE ON UPDATE CASCADE
) ENGINE = InnoDB CHARACTER SET = utf8mb4 COLLATE = utf8mb4_0900_ai_ci COMMENT = '作者档案扩展表' ROW_FORMAT = DYNAMIC;

-- ----------------------------
-- Records of author_profile
-- ----------------------------
INSERT INTO `author_profile` VALUES (1, 2, '童话世界的编织者', '专注于儿童故事创作，用温暖的文字编织美好的童话世界，让每个孩子都能在故事中找到快乐和成长的力量。', '儿童文学,童话故事,教育故事', 5, 0, 1287, 0, 0, 0, 3, 1, NULL, NULL, NULL, NULL, NULL, NULL, NULL, 0.00, 0, NULL, NULL, '2025-06-24 11:53:56', '2025-06-24 19:33:48');
INSERT INTO `author_profile` VALUES (2, 3, '历史的述说者', '历史文学爱好者，擅长将枯燥的历史知识包装成生动有趣的故事，让读者在轻松阅读中了解传统文化。', '历史文学,传统文化,教育普及', 3, 0, 904, 0, 0, 0, 2, 1, NULL, NULL, NULL, NULL, NULL, NULL, NULL, 0.00, 0, NULL, NULL, '2025-06-24 11:53:56', '2025-06-24 20:10:57');

-- ----------------------------
-- Table structure for category
-- ----------------------------
DROP TABLE IF EXISTS `category`;
CREATE TABLE `category`  (
  `id` bigint NOT NULL AUTO_INCREMENT COMMENT '分类ID',
  `name` varchar(50) CHARACTER SET utf8mb4 COLLATE utf8mb4_0900_ai_ci NOT NULL COMMENT '分类名称',
  `description` varchar(200) CHARACTER SET utf8mb4 COLLATE utf8mb4_0900_ai_ci NULL DEFAULT NULL COMMENT '分类描述',
  `icon_url` varchar(255) CHARACTER SET utf8mb4 COLLATE utf8mb4_0900_ai_ci NULL DEFAULT NULL COMMENT '分类图标URL',
  `sort_order` int NOT NULL DEFAULT 0 COMMENT '排序权重',
  `parent_id` bigint NOT NULL DEFAULT 0 COMMENT '父分类ID，0表示一级分类',
  `create_time` datetime NOT NULL DEFAULT CURRENT_TIMESTAMP COMMENT '创建时间',
  `update_time` datetime NOT NULL DEFAULT CURRENT_TIMESTAMP ON UPDATE CURRENT_TIMESTAMP COMMENT '更新时间',
  `is_deleted` tinyint NOT NULL DEFAULT 0 COMMENT '是否删除：0-未删除，1-已删除',
  PRIMARY KEY (`id`) USING BTREE,
  INDEX `idx_parent_id`(`parent_id`) USING BTREE
) ENGINE = InnoDB AUTO_INCREMENT = 9 CHARACTER SET = utf8mb4 COLLATE = utf8mb4_0900_ai_ci COMMENT = '故事分类表' ROW_FORMAT = DYNAMIC;

-- ----------------------------
-- Records of category
-- ----------------------------
INSERT INTO `category` VALUES (1, '童话故事', '经典童话和寓言故事', 'app.media.fairy_tale_icon', 1, 0, '2025-06-11 19:33:16', '2025-06-11 19:48:41', 0);
INSERT INTO `category` VALUES (2, '历史故事', '真实的历史人物和事件故事', 'app.media.history_icon', 2, 0, '2025-06-11 19:33:16', '2025-06-11 19:48:38', 0);
INSERT INTO `category` VALUES (3, '励志故事', '激励人心的成长故事', 'app.media.motivation_icon', 3, 0, '2025-06-11 19:33:16', '2025-06-11 19:48:34', 0);
INSERT INTO `category` VALUES (4, '科普故事', '有趣的科学知识故事', 'app.media.science_icon', 4, 0, '2025-06-11 19:33:16', '2025-06-11 19:48:32', 0);
INSERT INTO `category` VALUES (5, '传统文化', '中国传统文化故事', 'app.media.culture_icon', 5, 0, '2025-06-11 19:33:16', '2025-06-11 19:48:29', 0);

-- ----------------------------
-- Table structure for chapter
-- ----------------------------
DROP TABLE IF EXISTS `chapter`;
CREATE TABLE `chapter`  (
  `id` bigint NOT NULL AUTO_INCREMENT COMMENT '章节ID',
  `story_id` bigint NOT NULL COMMENT '故事ID',
  `title` varchar(100) CHARACTER SET utf8mb4 COLLATE utf8mb4_0900_ai_ci NOT NULL COMMENT '章节标题',
  `content` longtext CHARACTER SET utf8mb4 COLLATE utf8mb4_0900_ai_ci NULL COMMENT '章节内容',
  `chapter_index` int NOT NULL COMMENT '章节序号',
  `word_count` int NOT NULL DEFAULT 0 COMMENT '字数统计',
  `is_charged` tinyint NOT NULL DEFAULT 0 COMMENT '是否收费：0-免费，1-收费',
  `view_count` bigint NOT NULL DEFAULT 0 COMMENT '浏览次数',
  `comment_count` bigint NOT NULL DEFAULT 0 COMMENT '评论数量',
  `status` tinyint NOT NULL DEFAULT 1 COMMENT '章节状态：0-草稿，1-已发布',
  `create_time` datetime NOT NULL DEFAULT CURRENT_TIMESTAMP COMMENT '创建时间',
  `update_time` datetime NOT NULL DEFAULT CURRENT_TIMESTAMP ON UPDATE CURRENT_TIMESTAMP COMMENT '更新时间',
  `is_deleted` tinyint NOT NULL DEFAULT 0 COMMENT '是否删除：0-未删除，1-已删除',
  PRIMARY KEY (`id`) USING BTREE,
  INDEX `idx_story_id`(`story_id`) USING BTREE,
  INDEX `idx_chapter_index`(`chapter_index`) USING BTREE,
  INDEX `idx_status`(`status`) USING BTREE
) ENGINE = InnoDB AUTO_INCREMENT = 34 CHARACTER SET = utf8mb4 COLLATE = utf8mb4_0900_ai_ci COMMENT = '章节表' ROW_FORMAT = DYNAMIC;

-- ----------------------------
-- Records of chapter
-- ----------------------------
INSERT INTO `chapter` VALUES (1, 1, '初识环保', '在一个阳光明媚的早晨，小蚂蚁阿力从蚁巢里醒来。他伸了个懒腰，看着周围的环境，心里充满了对新一天的期待。阿力是一只特别的蚂蚁，他不仅勤劳，还有一个环保卫士的梦想。\r\n\r\n今天，阿力决定开始他的环保之旅。他首先来到了小树林，看到一些小动物随意丢弃垃圾。阿力走上前去，和气地说：\"朋友们，我们不能这样做哦。垃圾乱丢会污染我们的家园，让我教你们如何正确处理垃圾吧！\"\r\n\r\n阿力开始向小动物们讲解垃圾分类的知识。他说：\"垃圾可以分为可回收物、厨余垃圾、有害垃圾和其他垃圾。比如，这个塑料瓶是可回收的，我们可以把它放在蓝色的垃圾桶里；这些果皮是厨余垃圾，应该放在绿色的垃圾桶里。\"\r\n\r\n小动物们听得很认真，纷纷表示要学习垃圾分类。阿力又带领大家一起清理了小树林，把垃圾分类放好。不一会儿，小树林就变得干净整洁了。\r\n\r\n\"看，当我们每个人都做好垃圾分类，我们的家园就会变得更加美丽！\"阿力高兴地说。小动物们也感受到了环保的重要性，决定从现在开始做一个环保小卫士。\r\n\r\n在一个阳光明媚的早晨，小蚂蚁阿力从蚁巢里醒来。他伸了个懒腰，看着周围的环境，心里充满了对新一天的期待。阿力是一只特别的蚂蚁，他不仅勤劳，还有一个环保卫士的梦想。\r\n今天，阿力决定开始他的环保之旅。他首先来到了小树林，看到一些小动物随意丢弃垃圾。阿力走上前去，和气地说：\"朋友们，我们不能这样做哦。垃圾乱丢会污染我们的家园，让我教你们如何正确处理垃圾吧！\"\r\n阿力开始向小动物们讲解垃圾分类的知识。他说：\"垃圾可以分为可回收物、厨余垃圾、有害垃圾和其他垃圾。比如，这个塑料瓶是可回收的，我们可以把它放在蓝色的垃圾桶里；这些果皮是厨余垃圾，应该放在绿色的垃圾桶里。\"\r\n小动物们听得很认真，纷纷表示要学习垃圾分类。阿力又带领大家一起清理了小树林，把垃圾分类放好。不一会儿，小树林就变得干净整洁了。\r\n\"看，当我们每个人都做好垃圾分类，我们的家园就会变得更加美丽！\"阿力高兴地说。小动物们也感受到了环保的重要性，决定从现在开始做一个环保小卫士。\r\n这一天，在阿力的带领下，小树林的居民们学会了爱护环境，这让阿力感到非常开心。他知道，这只是环保之旅的开始，还有更多的环保知识要教给大家。\r\n在回家的路上，阿力遇到了一只正在为清理家园发愁的小蜜蜂。原来，她的花园里堆满了各种垃圾，不知道该如何处理。阿力立刻主动帮助她，教她如何识别不同类型的垃圾。\r\n\"你看，这些枯萎的花朵和落叶是厨余垃圾，可以制成肥料；这些破损的玩具要先检查能不能修复，如果不能修复再分类回收。\"阿力耐心地解释道。\r\n在整理过程中，他们还发现了一些可以重复使用的物品。阿力建议把这些物品清洗干净后，改造成花盆或者小动物的玩具。小蜜蜂觉得这个主意太棒了！\r\n当天晚上，阿力躺在床上想着这一天的经历，心里充满了成就感。他决定明天要教大家更多环保知识，让森林变得更加美丽。', 1, 800, 0, 152, 50, 1, '2025-06-11 19:33:16', '2025-06-20 16:25:05', 0);
INSERT INTO `chapter` VALUES (2, 1, '节约用水记', '第二天，阿力来到了小溪边。他发现有些小动物在玩水时，总是忘记关水龙头，还有的在洗东西时水开得很大。阿力看到这种情况，决定教大家如何节约用水。\r\n\r\n            \"朋友们，水是生命之源，我们要珍惜每一滴水。\"阿力说道。他开始向大家介绍节约用水的方法：\"刷牙的时候，我们可以用水杯来接水，不要一直开着水龙头；洗东西时，可以先把东西浸泡一下，再用适量的水冲洗；浇花时，最好选择在早晚，这样水分不容易蒸发。\"\r\n\r\n    小兔子举手问道：\"为什么我们要节约用水呢？\"阿力耐心地解释：\"地球上的淡水资源是有限的，如果我们不节约用水，将来可能会面临缺水的问题。而且，浪费水资源也会增加水处理的负担，影响环境。\"\r\n\r\n    为了让大家更好地理解节约用水的重要性，阿力组织了一个节水小游戏。他让小动物们比赛谁用最少的水完成洗手的任务。通过游戏，大家都学会了如何合理用水。\r\n\r\n            \"记住，节约每一滴水，保护我们的水资源！\"阿力说。小动物们都明白了节约用水的重要性，纷纷表示要做一个节水小卫士。\r\n\r\n    第二天，阿力来到了小溪边。他发现有些小动物在玩水时，总是忘记关水龙头，还有的在洗东西时水开得很大。阿力看到这种情况，决定教大家如何节约用水。\r\n            \"朋友们，水是生命之源，我们要珍惜每一滴水。\"阿力说道。他开始向大家介绍节约用水的方法：\"刷牙的时候，我们可以用水杯来接水，不要一直开着水龙头；洗东西时，可以先把东西浸泡一下，再用适量的水冲洗；浇花时，最好选择在早晚，这样水分不容易蒸发。\"\r\n    小兔子举手问道：\"为什么我们要节约用水呢？\"阿力耐心地解释：\"地球上的淡水资源是有限的，如果我们不节约用水，将来可能会面临缺水的问题。而且，浪费水资源也会增加水处理的负担，影响环境。\"\r\n    为了让大家更好地理解节约用水的重要性，阿力组织了一个节水小游戏。他让小动物们比赛谁用最少的水完成洗手的任务。通过游戏，大家都学会了如何合理用水。\r\n            \"记住，节约每一滴水，保护我们的水资源！\"阿力说。小动物们都明白了节约用水的重要性，纷纷表示要做一个节水小卫士。\r\n    这一天，在阿力的教导下，小溪边的居民们学会了珍惜水资源。阿力看着大家认真实践节水的样子，心里充满了成就感。\r\n    正当大家准备回家时，突然下起了大雨。阿力灵机一动，教大家如何收集雨水。他们一起用树叶和竹筒制作了简单的集水器，把雨水收集起来储存好。\r\n            \"看，这些雨水可以用来浇花、清洗东西，甚至在经过处理后还能饮用呢！\"阿力解释道。小动物们惊讶地发现，原来下雨也能带来这么多好处。\r\n    雨停后，阿力又带着大家沿着小溪走了一圈，指出了一些污染源：\"这些肥皂水不能直接排入小溪，会污染水源；油污更要妥善处理，千万不能倒入水中。\"\r\n    在回家的路上，小动物们都在讨论今天学到的知识。他们决定从明天开始就实施节水计划，并且要把这些环保理念告诉更多的朋友。', 2, 750, 0, 122, 40, 1, '2025-06-11 19:33:16', '2025-06-11 23:07:52', 0);
INSERT INTO `chapter` VALUES (3, 1, '垃圾分类大冒险', '今天，阿力决定带领小动物们进行一次特别的冒险——垃圾分类大冒险。他把小动物们分成了几个小队，准备了各种不同的垃圾作为任务道具。\r\n\r\n            \"今天我们要通过一个有趣的游戏来巩固垃圾分类的知识。\"阿力兴奋地说，\"每个小队都要在规定时间内，将这些垃圾正确分类放到对应的垃圾桶里。哪个队完成得又快又准确，就是冠军！\"\r\n\r\n    小动物们都跃跃欲试。第一关是识别可回收物，小松鼠队很快就找出了所有的纸张、塑料瓶和玻璃制品。第二关是处理厨余垃圾，小兔子队仔细分辨出了水果皮、剩菜剩饭。第三关则是辨认有害垃圾，小鸟队认真地找出了废电池和过期药品。\r\n\r\n    在游戏过程中，阿力不时给大家补充知识：\"记住，有些垃圾看起来是可回收的，但如果被污染了就要放入其他垃圾桶。比如，沾了油的纸巾就不能回收了。\"\r\n\r\n    通过这次有趣的冒险，小动物们不仅巩固了垃圾分类的知识，还培养了团队合作精神。最后，阿力给每个参与的小动物都颁发了\"环保小卫士\"徽章，以表彰他们的学习成果。\r\n\r\n    今天，阿力决定带领小动物们进行一次特别的冒险——垃圾分类大冒险。他把小动物们分成了几个小队，准备了各种不同的垃圾作为任务道具。\r\n            \"今天我们要通过一个有趣的游戏来巩固垃圾分类的知识。\"阿力兴奋地说，\"每个小队都要在规定时间内，将这些垃圾正确分类放到对应的垃圾桶里。哪个队完成得又快又准确，就是冠军！\"\r\n    小动物们都跃跃欲试。第一关是识别可回收物，小松鼠队很快就找出了所有的纸张、塑料瓶和玻璃制品。第二关是处理厨余垃圾，小兔子队仔细分辨出了水果皮、剩菜剩饭。第三关则是辨认有害垃圾，小鸟队认真地找出了废电池和过期药品。\r\n    在游戏过程中，阿力不时给大家补充知识：\"记住，有些垃圾看起来是可回收的，但如果被污染了就要放入其他垃圾桶。比如，沾了油的纸巾就不能回收了。\"\r\n    通过这次有趣的冒险，小动物们不仅巩固了垃圾分类的知识，还培养了团队合作精神。最后，阿力给每个参与的小动物都颁发了\"环保小卫士\"徽章，以表彰他们的学习成果。\r\n            \"希望大家把今天学到的知识带回家，告诉更多的朋友。让我们一起守护我们美丽的家园！\"阿力说道。小动物们都为自己今天的收获感到开心，纷纷表示要继续努力，做一个优秀的环保卫士。\r\n    比赛结束后，阿力又带领大家参观了回收站。在那里，他们看到了垃圾是如何被处理和再利用的。废纸被制成新的纸张，塑料瓶被回收制成新的物品，厨余垃圾则被制成有机肥料。\r\n            \"你们看，当我们正确分类垃圾后，这些垃圾就不再是废物，而是可以重新利用的资源。\"阿力解释道。小动物们惊叹于垃圾回收的神奇过程。\r\n    参观完回收站，大家又一起制定了一个环保计划。他们决定每周举办一次垃圾分类比赛，并且要把环保理念传播给更多的动物朋友。\r\n    回家的路上，小动物们都在讨论如何在日常生活中减少垃圾产生。有的说要自带购物袋，有的说要少用一次性物品，还有的说要把旧物品改造利用。\r\n    阿力看着这些充满环保意识的小伙伴们，心里非常欣慰。他知道，通过大家的共同努力，森林一定会变得更加美丽。', 3, 700, 0, 181, 60, 1, '2025-06-11 19:33:16', '2025-06-11 23:25:51', 0);
INSERT INTO `chapter` VALUES (4, 2, '长城初遇', '在明朝边塞的一个寒冷清晨，十五岁的少年李小虎第一次登上了长城。作为一名新晋的守军，他对眼前雄伟的长城充满了敬畏。\r\n\r\n            \"小虎，从今天起，这里就是你的岗位了。\"统领拍了拍他的肩膀说道。李小虎挺直了胸膛，坚定地点了点头。他知道，守护长城不仅是一份职责，更是一份使命。\r\n\r\n    站在城墙上，李小虎仔细聆听着老兵张叔的讲解：\"长城不仅是一道防线，更是我们祖先的智慧结晶。你看这些砖块，每一块都经过精心打磨，严丝合缝；这些烽火台，是古代最先进的通讯系统。\"\r\n\r\n    在明朝边塞的一个寒冷清晨，十五岁的少年李小虎第一次登上了长城。作为一名新晋的守军，他对眼前雄伟的长城充满了敬畏。\r\n            \"小虎，从今天起，这里就是你的岗位了。\"统领拍了拍他的肩膀说道。李小虎挺直了胸膛，坚定地点了点头。他知道，守护长城不仅是一份职责，更是一份使命。\r\n    站在城墙上，李小虎仔细聆听着老兵张叔的讲解：\"长城不仅是一道防线，更是我们祖先的智慧结晶。你看这些砖块，每一块都经过精心打磨，严丝合缝；这些烽火台，是古代最先进的通讯系统。\"\r\n    李小虎用手抚摸着粗糙的城墙，仿佛能感受到千百年来无数守卫者的足迹。他暗暗发誓，一定要像前辈们一样，忠实地守护这份文化遗产。\r\n    张叔继续讲解着长城的历史：\"这段长城始建于明朝初年，历经数代工匠之手。每一块砖石都凝聚着他们的心血，每一道墙垛都见证着历史的沧桑。\"\r\n    李小虎认真地记下每一个细节。他了解到，长城不仅是军事防御工程，更是古代建筑技术的集大成者。从选址到建造，都体现着古人的智慧。\r\n    当天傍晚，李小虎参加了他的第一次巡逻。夕阳的余晖洒在古老的城墙上，将一切染成金色。他站在城头，远眺边塞风光，心中涌起一股自豪感。\r\n    回到营地后，李小虎开始认真学习守城的各项技能。从瞭望到传递信号，从武器使用到紧急救援，每一项技能都可能关系到边防的安全。\r\n    夜深人静时，李小虎躺在床上，回想着这难忘的一天。他知道，从今天起，他就是这座古老长城的一份子，肩负着守护历史的重任。', 1, 650, 0, 200, 45, 1, '2025-06-11 20:30:14', '2025-06-11 23:27:44', 0);
INSERT INTO `chapter` VALUES (5, 2, '烽火危机', '这天傍晚，李小虎正在城墙上巡逻，突然发现远处有异常动静。他立即警觉起来，仔细观察着远方的动静。\r\n\r\n            \"不好，是有人在破坏长城！\"李小虎发现几个可疑的身影正在撬动城墙的砖块。他立即吹响了哨子，示警其他守卫。\r\n\r\n    但敌人距离最近的队伍驻地较远，李小虎知道必须先阻止破坏行为。他灵活地运用地形优势，悄悄接近那些人。在靠近后，他发现这些是一群文物盗贼，正准备盗取长城的砖块。\r\n\r\n    这天傍晚，李小虎正在城墙上巡逻，突然发现远处有异常动静。他立即警觉起来，仔细观察着远方的动静。\r\n            \"不好，是有人在破坏长城！\"李小虎发现几个可疑的身影正在撬动城墙的砖块。他立即吹响了哨子，示警其他守卫。\r\n    但敌人距离最近的队伍驻地较远，李小虎知道必须先阻止破坏行为。他灵活地运用地形优势，悄悄接近那些人。在靠近后，他发现这些是一群文物盗贼，正准备盗取长城的砖块。\r\n    李小虎机智地用火把和投石，制造出好像有大队人马到来的假象。这个策略奏效了，盗贼们慌忙逃窜。等增援到达时，李小虎已经成功保护了这段长城。\r\n    事后，张叔表扬了李小虎的临机应变：\"守护长城不仅需要勇气，更需要智慧。你今天的表现很好，但还要继续提高警惕。\"\r\n    这次经历让李小虎更深刻地认识到文物保护的重要性。他开始主动学习更多关于长城历史的知识，了解每一块砖石背后的故事。\r\n    在巡查被破坏的地方时，李小虎发现了一些古代工匠留下的标记。张叔解释说，这些标记记录着砖块的来源和工匠的信息，是研究古代建筑技术的重要线索。\r\n    为了防止类似事件再次发生，李小虎和同伴们加强了巡逻，还在一些重要位置设置了暗哨。他们要用自己的方式，继续守护这座历史丰碑。\r\n    夜深时分，李小虎站在城头，看着月光下的长城。他想起白天的惊险，更加坚定了守护文化遗产的决心。', 2, 600, 0, 183, 35, 1, '2025-06-11 20:30:14', '2025-06-24 17:45:47', 0);
INSERT INTO `chapter` VALUES (6, 2, '古老的智慧', '在守卫长城的日子里，李小虎逐渐发现了许多长城的秘密。张叔告诉他，长城的每一个设计都蕴含着古人的智慧。\r\n\r\n            \"你看这些砖块的纹路，\"张叔指着墙面说，\"它们不是随意刻上去的，而是古代工匠用来标记位置的记号。这样就能确保每块砖都放在正确的位置上。\"\r\n\r\n    李小虎还学会了如何通过烽火台传递信息。不同的烟火组合代表着不同的信息，这是古代最有效的远程通讯方式。他惊叹于古人的智慧，更加坚定了守护这份文化遗产的决心。\r\n\r\n    在守卫长城的日子里，李小虎逐渐发现了许多长城的秘密。张叔告诉他，长城的每一个设计都蕴含着古人的智慧。\r\n            \"你看这些砖块的纹路，\"张叔指着墙面说，\"它们不是随意刻上去的，而是古代工匠用来标记位置的记号。这样就能确保每块砖都放在正确的位置上。\"\r\n    李小虎还学会了如何通过烽火台传递信息。不同的烟火组合代表着不同的信息，这是古代最有效的远程通讯方式。他惊叹于古人的智慧，更加坚定了守护这份文化遗产的决心。\r\n    每天清晨，他都会早早起床，检查城墙的每一个角落，确保一切安好。在他的悉心照料下，这段长城焕发出新的生机。\r\n    一天，张叔带着李小虎来到一处特别的城墙段落。这里的砖石结构与其他地方略有不同，原来这是因为地形的特殊性。\r\n            \"古人在建造长城时，会根据地形特点调整建造方法。\"张叔解释道，\"在山地，城墙会更陡峭；在平原，则会加宽基础。这些都是经过精心计算的。\"\r\n    李小虎还发现了城墙上的排水系统。一个个精心设计的水道和滴水孔，能让雨水顺利流走，避免积水损坏城墙。\r\n    在学习的过程中，李小虎不仅掌握了守城的技能，更深入理解了中国古代的建筑智慧。他开始用笔记记录下这些发现，希望能为后人留下宝贵的资料。\r\n    有时，当地的孩子们会来参观长城。李小虎就会像张叔教导他那样，耐心地给孩子们讲解长城的历史和知识，希望能让更多人了解和热爱这份文化遗产。', 3, 650, 0, 162, 30, 1, '2025-06-11 20:30:14', '2025-06-24 17:45:48', 0);
INSERT INTO `chapter` VALUES (7, 2, '春雨守望', '这是一个雨季，连绵的春雨给守城带来了新的挑战。李小虎发现雨水可能会损坏城墙，于是组织大家加固防护。\r\n\r\n他们用油布遮盖易受损的部位，清理排水沟，确保雨水能够顺利流走。在一次大雨中，李小虎发现了城墙的一处裂缝，如果不及时修补，可能会造成更大的损害。\r\n\r\n他立即组织人手，冒着大雨进行修补。大家齐心协力，用特制的灰浆填补裂缝，搭建临时挡雨棚。这场及时的抢修，避免了一次可能的坍塌。\r\n\r\n通过这次经历，李小虎更深刻地理解了守护长城不仅需要勇气，更需要智慧和细心。', 4, 600, 0, 153, 25, 1, '2025-06-11 20:30:14', '2025-06-24 17:45:48', 0);
INSERT INTO `chapter` VALUES (8, 2, '塞外风云', '冬天来临，塞外的风变得更加凛冽。这天，李小虎在巡逻时遇到了一位老者，他是专门来考察长城的专家。\r\n\r\n老者告诉李小虎，长城不仅是军事防御工程，更是古代中国的文明象征。通过长城，能看到古人如何因地制宜，利用自然材料建造这样宏伟的工程。\r\n\r\n李小虎带着老者参观了他守护的这段长城，详细介绍了这些日子里他发现的每一处特色。老者听后连连点头，称赞他不仅是一位尽职的守卫，更是一位优秀的文化传承者。\r\n\r\n这次谈话让李小虎更加理解了自己工作的意义。守护长城，就是守护历史，守护文明。', 5, 600, 0, 141, 20, 1, '2025-06-11 20:30:14', '2025-06-24 17:45:48', 0);
INSERT INTO `chapter` VALUES (9, 3, '奇思妙想', '在一个阳光明媚的早晨，小明来到了他的小工作室。这里摆满了各种废旧物品和工具，每一件都可能成为他发明创造的材料。\r\n\r\n小明最近一直在思考一个问题：奶奶年纪大了，弯腰浇花很吃力，有时候还会忘记浇水。他决定要发明一个既能帮助奶奶省力，又能保证植物按时浇水的装置。\r\n\r\n他开始在笔记本上画设计图。首先，他需要一个水箱来储存水；其次，需要一个能感知土壤湿度的传感器；最后，还要有一个简单的定时装置。小明决定用废弃的塑料瓶制作水箱，用几根软管连接成输水系统。\r\n\r\n在制作过程中，他遇到了不少困难。最大的问题是水压不够，导致喷洒不均匀。小明查阅了很多资料，学习了虹吸原理，终于想到了解决办法：把水箱架高，利用重力来增加水压。\r\n\r\n为了确保系统稳定工作，小明还在装置上加装了一个简单的过滤网，防止杂质堵塞管道。他用回收的太阳能小灯改装成了一个提示装置，当水箱水位低时，灯就会亮起提醒加水。\r\n\r\n经过反复测试和改进，这个自动浇花系统终于完成了。它不仅能根据土壤湿度自动控制浇水量，还能按时浇水，使用太阳能供电，真正做到了环保实用。\r\n\r\n奶奶看到这个装置非常开心，夸奖小明既有爱心又有创意。小明也很自豪，因为他不仅帮助了奶奶，还把废弃物变成了有用的东西，为环保出了一份力。\r\n\r\n这次发明让小明明白，创新不一定要用昂贵的材料，关键是要有创意，而且要多为他人着想。他决定继续观察生活，发现更多需要解决的问题，用自己的智慧来创造更多有用的发明。', 1, 650, 0, 121, 30, 1, '2025-06-11 20:30:14', '2025-06-25 10:14:43', 0);
INSERT INTO `chapter` VALUES (10, 3, '神奇的环保机器人', '这天，小明正在整理他的发明笔记本，突然看到新闻报道说社区垃圾分类率不高，很多居民对垃圾分类还不够了解。这让他萌生了一个想法：能不能制作一个帮助大家进行垃圾分类的机器人呢？\r\n\r\n他开始设计这个环保机器人。首先，机器人需要能识别不同类型的垃圾。小明想到可以利用物体的形状、大小和材质来进行初步分类。他用纸板制作了机器人的主体，在底部安装了四个分类箱，分别对应可回收物、厨余垃圾、有害垃圾和其他垃圾。\r\n\r\n为了让机器人能够识别垃圾，小明学习了基础的编程知识。他用回收的摄像头作为机器人的\"眼睛\"，编写程序让它能够识别不同的物体。虽然这个识别系统还很简单，但已经能基本分辨出常见的垃圾类型。\r\n\r\n机器人的操作界面也很友好：只需要把垃圾放在识别区，机器人就会通过声音提示告诉人们应该放入哪个垃圾箱。为了让使用更有趣，小明还给机器人加上了一些有趣的语音提示，比如\"谢谢你为环保出力\"、\"你真是个环保小卫士\"等。\r\n\r\n在社区科技展上，小明的环保机器人引起了大家的关注。不少小朋友都觉得这个会说话的机器人很有趣，纷纷来体验垃圾分类。通过这种互动的方式，大家学习垃圾分类的积极性明显提高了。\r\n\r\n一位环保工作者看到后非常感兴趣，建议小明继续改进机器人的功能，比如添加垃圾分类的知识问答、记录社区垃圾分类数据等。这些建议让小明对未来的改进有了更多想法。\r\n\r\n这个发明不仅获得了科技展的一等奖，更重要的是带动了更多人参与到环保行动中来。小明明白，科技创新不仅是为了获奖，更重要的是要能解决实际问题，为社会做出贡献。\r\n\r\n他决定继续完善这个环保机器人，让它能帮助更多人养成垃圾分类的好习惯。同时，他也希望通过自己的发明，能够激励更多小朋友关注环境保护，用科技的力量为地球出一份力。', 2, 600, 0, 115, 25, 1, '2025-06-11 20:30:14', '2025-06-25 10:35:09', 0);
INSERT INTO `chapter` VALUES (11, 4, '寻味之旅', '小明和爷爷踏上了一段特别的美食之旅。爷爷是一位退休的厨师，决定带着孙子去探索中国传统美食的奥秘。\r\n\r\n他们的第一站是一家百年老店。店主是爷爷的老朋友，正在制作传统的灌汤包。小明惊讶地看着师傅们熟练地和面、擀皮、包馅，每一个动作都充满了技巧。\r\n\r\n\"传统美食不仅是味道，更是一种文化。\"爷爷说道，\"你看这个汤包，从选料到制作，都有着严格的要求。面团要反复揉搓，使其既有韧性又不失柔软；馅料要选用最新鲜的原料，按照特定比例调配；包制时更是讲究，褶皱要均匀，顶尖要封实，这样蒸制时才能保持汤汁不流失。\"\r\n\r\n小明认真地观察着每个细节。他发现师傅在和面时，不时会用手指按压面团，感受它的软硬程度；在调制馅料时，会用特制的木勺慢慢搅拌，让所有的调料都均匀地融合在一起。\r\n\r\n\"这些技艺都是祖辈传下来的，\"店主说，\"每一个步骤都是经过千百次实践总结出来的经验。\"他特别向小明展示了灌汤包最关键的一步：包馅时如何把肉冻放入其中，这样蒸熟后才能形成鲜美的汤汁。\r\n\r\n在品尝美食的同时，爷爷还给小明讲述了这些传统美食背后的故事。比如灌汤包最早是在宫廷里流传的，后来才慢慢在民间普及；有些特殊的调味方法，是古代厨师为了适应当地气候和饮食习惯而创造的。\r\n\r\n这次经历让小明深深体会到，一道美食的背后，蕴含着深厚的文化积淀。他决定要把这些见闻都记录下来，为保护传统美食文化尽一份力。', 1, 600, 0, 150, 40, 1, '2025-06-11 20:30:14', '2025-06-11 21:25:02', 0);
INSERT INTO `chapter` VALUES (12, 4, '面点艺术', '今天，爷爷要教小明制作传统面点。他们来到了一个专门的厨艺教室，这里有各种传统的厨具，从擀面杖到蒸笼，一应俱全。\r\n\r\n爷爷首先教小明认识不同的面粉。\"做面点最重要的就是选对面粉，\"爷爷说，\"不同的面点需要不同筋度的面粉。比如做馒头需要高筋面粉，这样才能蒸出又白又软的馒头；做酥点心则需要低筋面粉，这样成品才会酥脆可口。\"\r\n\r\n在和面时，爷爷教给小明一个诀窍：\"水温很关键，冬天用温水，夏天用凉水，这样面团才会均匀。\"小明学着揉面，开始时总是力道不均，但在爷爷的指导下，慢慢掌握了要领。\r\n\r\n接着，他们开始制作花卷。爷爷示范如何将面团擀成薄片，刷上油，撒上葱花，然后卷起来切段。\"花卷最讲究形状，\"爷爷说，\"每一刀都要切得均匀，这样蒸出来才好看。\"\r\n\r\n在制作包子时，爷爷特别强调馅料的重要性：\"馅料要提前调制，让调料的味道充分渗入；包制时要让馅料均匀，不能有的多有的少。\"小明学着包包子，虽然开始时形状不太完美，但他很享受这个过程。\r\n\r\n最后是饺子的制作。爷爷教小明如何调制饺子馅，如何擀饺子皮，以及各种不同的包法。\"饺子是我们传统节日必不可少的美食，\"爷爷说，\"每个地方都有自己独特的包法和馅料配方。\"\r\n\r\n看着自己亲手制作的面点出锅，小明感到特别自豪。这些看似简单的美食，背后都有着精湛的技艺。爷爷告诉他：\"传统美食是我们文化的重要组成部分，要用心学习，用心传承。\"\r\n\r\n这次面点制作课让小明不仅学会了基本的面点技艺，更理解了中国传统美食中蕴含的匠人精神。他决定要经常和爷爷一起下厨，把这些传统美食技艺继续传承下去。', 2, 600, 0, 140, 35, 1, '2025-06-11 20:30:14', '2025-06-11 21:25:02', 0);
INSERT INTO `chapter` VALUES (13, 4, '调味的智慧', '在探索传统美食的过程中，小明发现最神奇的是调味的学问。爷爷带他来到一家历史悠久的调味品店，这里飘散着各种香料的气息。\r\n\r\n\"中国菜最特别的就是调味的艺术，\"爷爷解释道，\"酸甜苦辣咸，五味调和，就像人生一样丰富多彩。每种调味料都有其独特的作用，合理搭配才能做出美味的菜肴。\"\r\n\r\n店主是爷爷的老朋友，他带着小明参观了酱油的制作车间。\"好酱油的制作是一门学问，\"店主说，\"从选料到发酵，再到晒制，每一步都很关键。我们这些酱油都要经过至少半年的晒制，有些甚至要三年以上。\"\r\n\r\n小明看到院子里整齐排列着一缸缸酱油，在阳光下散发着黑亮的光泽。店主解释说：\"晒制的过程中，阳光、温度、时间都要把控得恰到好处。天气太热或太冷都会影响发酵，所以要根据季节调整晒制时间。\"\r\n\r\n接着，他们来到了醋坊。空气中弥漫着醋香，一排排木桶整齐地摆放着。\"每个地方都有自己的特色醋，\"爷爷说，\"比如山西的老陈醋、镇江的香醋，都是经过几道工序精心酿制的。醋不仅能调味，还有很多养生功效。\"\r\n\r\n店主特别给小明展示了一些珍贵的香料。\"这些香料都是从不同地方采购来的，\"他说，\"比如这个花椒是从四川来的，这个八角是从广西来的。每种香料都要选最好的，才能保证调味品的品质。\"\r\n\r\n小明还学到了很多调味的技巧。爷爷教他：\"不同的食材需要不同的调味方法。比如，海鲜要用料酒去腥，炖肉要用酱油调色，凉拌菜要用醋提味。调味不是简单地把调味料放进去，而是要懂得它们之间的搭配。\"\r\n\r\n在学习的过程中，小明发现每种调味品的制作都有其独特的工艺。有的需要阳光晒制，有的需要阴凉发酵；有的讲究火候，有的重视时间。这些都是祖辈们经过长期实践总结出来的经验。\r\n\r\n\"调味品是中国饮食文化的精髓之一，\"爷爷说，\"它们不仅能让食物更美味，还能展现出不同地方的饮食特色。\"小明听得入神，明白了为什么一个好的调味品能让普通的食材变得美味可口。\r\n\r\n临走时，店主送给小明一本调味笔记，上面记录了各种调味品的使用方法和搭配技巧。小明决定好好学习这些知识，为传承传统饮食文化出一份力。', 3, 600, 0, 130, 30, 1, '2025-06-11 20:30:14', '2025-06-11 21:25:02', 0);
INSERT INTO `chapter` VALUES (14, 4, '寻找失传的古方', '在一次整理老房子时，小明和爷爷发现了一本古老的菜谱。这本菜谱记载了许多快要失传的美食做法。\r\n\r\n爷爷认出这是他的师父留下的手稿，里面记录了很多独特的烹饪技法。他们决定尝试还原这些古老的美食。\r\n\r\n通过反复实验，他们成功复原了几道特色菜。这些菜不仅味道独特，做法也很有创意。小明把这些宝贵的资料整理成册，希望能为保护传统美食文化尽一份力。\r\n\r\n在一次整理老房子时，小明和爷爷在一个布满灰尘的老箱子里发现了一本陈旧的菜谱。这本菜谱的纸张已经发黄，但字迹依然清晰可见。\r\n\r\n爷爷仔细翻看后，激动地说：\"这是我师父的手稿！里面记录了很多快要失传的老菜谱。\"小明好奇地凑过去看，发现菜谱上不仅有详细的烹饪步骤，还有许多手绘的图案，标注着食材的切法和摆盘方式。\r\n\r\n\"这些都是非常珍贵的资料，\"爷爷说，\"有些菜品现在已经很少能吃到了。比如这道\'玉壶春\'，是一道传统的宫廷点心，制作工序特别复杂。\"小明看到菜谱上详细记载了点心的造型技法，每一个褶皱的位置都标注得很清楚。\r\n\r\n他们决定尝试还原这些古老的美食。爷爷说：\"我们要先研究每道菜的特点，了解食材的搭配，然后一步步试验。\"小明负责记录每次实验的过程，包括用料比例、火候控制等细节。\r\n\r\n第一个尝试的是一道名为\"蟹粉狮子头\"的菜品。这道菜需要将蟹粉和肉馅完美融合，火候的掌控尤为重要。他们经过多次尝试，终于找到了最佳的火候和时间。\r\n\r\n接着，他们挑战了一道名为\"百花酿豆腐\"的素菜。这道菜要求豆腐的选料和刀工都很讲究，调味更是有特殊的要求。爷爷说：\"以前的厨师特别注重食材的搭配，既要美味，又要营养均衡。\"\r\n\r\n在还原古方的过程中，小明发现很多有趣的细节。比如，有些菜品会根据季节调整配料，有些则要考虑食材的搭配禁忌。这些都体现了古人对饮食的深刻理解。\r\n\r\n经过一个多月的努力，他们成功复原了十几道特色菜。有的清淡雅致，有的浓郁醇厚，每一道都有其独特的风味。小明把这些菜品的制作过程都详细记录下来，包括选料标准、火候掌控、调味技巧等。\r\n\r\n爷爷很欣慰地说：\"这些传统美食凝聚着祖辈们的智慧，我们有责任把它们传承下去。\"小明也深有感触，他决定把这些珍贵的资料整理成一本新的菜谱，配上清晰的图片和详细的步骤说明。\r\n\r\n这次寻找和还原古方的经历，让小明深深体会到了传统美食文化的博大精深。他明白，这些不仅是美食，更是一种文化传承。他决定继续跟着爷爷学习，把这些宝贵的烹饪技艺传承下去。', 4, 600, 0, 120, 25, 1, '2025-06-11 20:30:14', '2025-06-11 21:28:51', 0);
INSERT INTO `chapter` VALUES (15, 5, '火焰初心', '小勇从小就对消防员这个职业充满向往。每当看到电视上消防员叔叔们冲进火场救人的画面，他的心中就会涌起一股崇敬之情。这天，他终于有机会参加少年消防员训练营，开启了他的消防员梦想之旅。\r\n\r\n训练营第一天，教官带领大家参观了消防站。\"这里就是消防员的第二个家，\"教官说，\"我们24小时待命，随时准备出警救援。\"小勇看到整齐排列的消防车，崭新的消防服，还有各种专业的救援设备，心中充满了敬畏。\r\n\r\n教官首先教他们认识各种消防器材。\"每一件装备都是消防员的生命保障，\"教官严肃地说，\"我们必须熟悉它们的使用方法。比如这个空气呼吸器，在浓烟中可以给我们提供清新的空气；这个热成像仪，能帮助我们在黑暗中发现被困人员。\"\r\n\r\n小勇认真地学习着如何使用消防水带。\"水带的连接一定要准确，\"教官示范道，\"一个小小的疏忽可能会影响整个救援行动。\"虽然水带对小勇来说还有点重，但他仍然坚持练习，直到能够熟练操作。\r\n\r\n接着是灭火器的使用训练。教官教他们记住\"提拉瞄压\"的口诀：提起灭火器，拉出保险销，瞄准火焰根部，压下压把喷射。大家在训练场上反复练习，直到动作变得流畅自然。\r\n\r\n在学习救援绳索的使用时，小勇特别认真。\"绳结的打法必须准确，\"教官说，\"它可能关系到救援人员和被困者的生命安全。\"小勇一遍遍练习着各种绳结，直到手指都起了水泡。\r\n\r\n晚上的理论课上，教官讲解了火灾预防知识。\"作为消防员，预防火灾和扑救火灾同样重要，\"教官说，\"我们要学会识别火灾隐患，帮助更多人远离火灾危险。\"小勇认真地记下每一个要点，决心要把这些知识传播给身边的人。\r\n\r\n第一天的训练结束时，虽然很累，但小勇感到无比充实。他不仅学到了专业的消防知识，更深刻地理解了消防员这个职业的责任重大。\r\n\r\n躺在床上时，小勇回想着这一天的经历。他摸着被训练器材磨出茧子的手掌，心中暗暗发誓：一定要成为一名优秀的消防员，保护更多的人远离火灾的威胁。\r\n\r\n这一夜，小勇做了一个梦。梦里的他穿着消防服，和战友们一起冲进火场救人。虽然只是一个梦，但这更加坚定了他成为消防员的决心。', 1, 600, 0, 160, 45, 1, '2025-06-11 20:30:59', '2025-06-11 21:28:39', 0);
INSERT INTO `chapter` VALUES (16, 5, '勇气的考验', '训练营的第二天，教官安排了一次模拟救援演习。这次演习的场景是在一栋充满浓烟的建筑物中搜救被困人员。虽然只是演习，但教官要求大家必须像对待真实火场一样认真对待。\r\n\r\n\"记住，在浓烟中，视线可能只有30厘米，\"教官说，\"你们必须依靠触觉和听觉来判断方向。\"为了模拟真实环境，他们在训练场中释放了无害的烟雾，并要求学员们戴上特制的面罩，限制视线。\r\n\r\n小勇和他的搭档王明一组。在进入\"火场\"前，他们仔细检查了各自的装备。\"要相信你的搭档，\"教官说，\"在危险环境中，搭档就是你最重要的依靠。\"\r\n\r\n当烟雾弥漫时，小勇感到有些紧张。但他记住了教官的话：\"保持冷静，按照程序行动。记住，慌乱才是最危险的。\"他深吸一口气，和王明一起，弯着腰，沿着墙壁开始搜索。\r\n\r\n他们保持着身体接触，互相提醒着每一个转角和障碍物。突然，王明拉了拉小勇的衣服，示意他停下。在烟雾中，他们听到了微弱的呼救声。\r\n\r\n小勇的心跳加快了。他们循着声音，小心翼翼地前进。终于，在一个角落里，他们发现了一个\"伤员\"（由训练人员扮演）。按照之前学过的方法，他们先检查了\"伤员\"的状况，然后用正确的姿势将\"伤员\"抬起。\r\n\r\n在撤离的过程中，他们遇到了一段狭窄的通道。小勇和王明配合默契，一个在前引路，一个在后保护\"伤员\"，终于安全地到达了出口。\r\n\r\n演习结束后，教官对他们的表现进行了点评。\"你们的配合很好，\"教官说，\"但还需要注意一些细节。比如在搜索时要更加系统，确保不会遗漏任何角落。\"\r\n\r\n这次演习让小勇真正体会到了消防员工作的挑战。在浓烟中，即使是最简单的动作也变得困难。但正是这些挑战，让他更加坚定了自己的梦想。\r\n\r\n晚上，小勇和王明一起复盘了今天的演习。他们讨论了需要改进的地方，约定明天继续努力。这次演习不仅锻炼了他们的救援技能，更培养了他们之间的信任和默契。\r\n\r\n\"当消防员最重要的，就是要有一颗勇敢的心和冷静的头脑，\"教官的话一直回响在小勇耳边，\"因为我们面对的每一次出警，都可能关系到生命。\"', 2, 600, 0, 150, 40, 1, '2025-06-11 20:30:59', '2025-06-11 21:28:39', 0);
INSERT INTO `chapter` VALUES (17, 5, '最后的营救', '训练营的最后一天，原本是要进行结业演习。但就在参观消防站时，突然接到了附近小区的火警。虽然教官要求学员们留在安全区域，但一个意外的发现让小勇不得不参与其中。\r\n\r\n当消防车赶到现场时，小勇发现一只小猫被困在着火建筑附近的树上。浓烟已经开始向树冠蔓延，小猫吓得直叫，但却不敢移动。周围的居民也发现了这只小猫，但在火场附近，普通人无法靠近营救。\r\n\r\n小勇立即向教官报告了情况。教官考虑到小猫距离火场还有一定距离，而且小勇在训练中表现出色，特别是在高空作业训练中有很好的表现，于是同意让他在做好安全防护的前提下进行营救。\r\n\r\n\"记住训练中学到的每一个步骤，\"教官叮嘱道，\"安全第一，不要冒险。\"小勇穿上防护服，戴好头盔，系好安全绳。在确认所有装备都正常后，他开始接近那棵树。\r\n\r\n现场的温度很高，浓烟不时飘过来。小勇按照训练时学到的方法，保持冷静，注意观察风向。他小心地爬上树，一边轻声安抚受惊的小猫，一边慢慢靠近。\r\n\r\n\"没事的，小家伙，我来救你了，\"小勇轻声说着。小猫似乎感受到了他的善意，慢慢停止了挣扎。当小勇终于靠近时，小猫主动向他靠近，让他能够安全地将它抱住。\r\n\r\n下树的过程更要小心。小勇用一只手抱着小猫，另一只手紧紧抓住树干，一步步往下移动。当他们安全到达地面时，周围响起了掌声。小猫很快就找到了它的主人，一个小女孩激动地抱着小猫，连声道谢。\r\n\r\n这次营救虽然只是一个小插曲，但对小勇来说却是难忘的经历。他第一次将训练中学到的知识运用到实际情况中，而且成功完成了任务。\r\n\r\n教官对小勇的表现给予了肯定：\"你做得很好，不仅展现了专业的技能，更重要的是表现出了一个消防员应有的责任心。记住，消防员的使命不仅是扑灭大火，还包括保护每一个生命。\"\r\n\r\n训练营结束的那天，小勇收到了一份特殊的礼物——那个小女孩画的一幅画，画上是穿着消防服的小勇救下小猫的场景。小勇把这幅画珍藏起来，它不仅是对这次经历的纪念，更是对他未来理想的鼓励。\r\n\r\n这次经历让小勇更加坚定了成为一名消防员的决心。他明白，消防员这个职业需要的不仅是勇气，更需要专业的技能、冷静的头脑和一颗充满爱心的心。他决定继续努力，为实现自己的梦想而奋斗。', 3, 600, 0, 140, 35, 1, '2025-06-11 20:30:59', '2025-06-11 21:28:39', 0);
INSERT INTO `chapter` VALUES (18, 6, '神奇的种子', '在科技创新实验室里，小明正在开发一个特别的项目——一个能帮助老年人的智能助手系统。这个想法来源于他看到爷爷奶奶在使用智能手机时经常遇到困难。\r\n\r\n\"如果能做一个更适合老年人使用的系统就好了，\"小明思考着，\"界面要简单，功能要实用，最重要的是要安全可靠。\"\r\n\r\n他开始设计这个系统的功能。首先是一键求助功能，老人只需要按一个明显的按钮，就能立即联系到家人或紧急救援。其次是健康提醒功能，可以定时提醒老人吃药、运动和喝水。\r\n\r\n为了让系统更智能，小明加入了一些创新的功能。比如，系统能够通过传感器检测室内温度和空气质量，自动提醒开窗通风或调节空调。还能通过分析老人的日常活动规律，及时发现异常情况。\r\n\r\n在开发过程中，小明经常邀请爷爷奶奶来测试系统。\"这个按钮太小了，看不清楚，\"奶奶说。小明立即调整了界面，把重要的按钮放大，并使用更鲜明的颜色。\r\n\r\n\"有时候我会忘记关煤气，\"爷爷提出了一个重要问题。小明想到了解决方案：在系统中加入了一个智能检测模块，如果检测到煤气没关，就会发出提醒，还能远程通知家人。\r\n\r\n为了保证系统的安全性，小明特别注意了隐私保护。\"老年人的信息安全很重要，\"他说，\"所有的数据都要经过加密处理，只有授权的家人才能查看。\"\r\n\r\n经过多次改进，这个智能助手系统终于完成了。它不仅能帮助老年人更好地生活，还能让家人随时了解老人的状况。小明的这个发明在学校科技展上获得了很好的评价。\r\n\r\n\"科技创新最重要的，就是要解决实际问题，\"老师对小明说，\"你的发明不仅展示了技术能力，更体现了对社会的关爱。\"\r\n\r\n这个项目让小明明白，科技创新不仅需要技术知识，更需要人文关怀。他决定继续努力，用科技为更多人带来便利。', 1, 600, 0, 130, 30, 1, '2025-06-11 20:30:59', '2025-06-11 21:28:39', 0);
INSERT INTO `chapter` VALUES (19, 6, '绿色实验室', '看到新闻报道说城市空气污染问题日益严重，小明决定开发一个环保监测系统。这个系统不仅能监测空气质量，还能帮助人们更好地参与环保。\r\n\r\n首先，小明研究了各种环境监测传感器。他选择了能够检测PM2.5、二氧化碳浓度和空气湿度的传感器。\"要让数据准确可靠，\"他说，\"这样才能真正帮助人们了解环境状况。\"\r\n\r\n为了让更多人参与环保，小明在系统中加入了互动功能。用户可以上报环境问题，比如乱扔垃圾、违规排放等。系统会自动记录位置和时间，帮助环保部门及时处理。\r\n\r\n小明还设计了一个\"环保积分\"系统。\"每个人做环保的事情都能获得积分，\"他解释道，\"比如使用公共交通、参与垃圾分类、举报污染行为等。积分可以换取一些环保产品。\"\r\n\r\n在开发过程中，小明发现数据可视化很重要。他设计了直观的图表，让用户能够清楚地看到空气质量的变化趋势。还加入了预警功能，当空气质量变差时，系统会及时发出提醒。\r\n\r\n为了验证系统的效果，小明在学校附近安装了几个监测点。通过收集和分析数据，他发现学校周边的空气质量在上下学高峰期会明显下降。\r\n\r\n\"这说明汽车尾气是主要污染源之一，\"小明分析道，\"我们可以建议家长和学生多使用公共交通或步行上学。\"\r\n\r\n系统上线后，很多同学都积极参与环保活动。他们通过系统记录自己的环保行动，分享环保经验。学校周边的环境也慢慢改善了。\r\n\r\n这个项目让小明明白，科技不仅能监测环境问题，更重要的是能调动大家参与环保的积极性。他决定继续完善这个系统，让它能帮助更多人关注环境保护。', 2, 600, 0, 120, 25, 1, '2025-06-11 20:30:59', '2025-06-11 21:28:39', 0);
INSERT INTO `chapter` VALUES (20, 6, '植物的语言', '在科技夏令营的最后一个项目中，小明选择了研究智能农业。他的想法是开发一个自动化的小型农场系统，让更多人能在家种植健康的蔬菜。\r\n\r\n\"现在很多人住在城市里，没有地方种菜，\"小明说，\"如果能在阳台上建一个智能小农场就好了。\"\r\n\r\n他开始设计这个系统的框架。首先是自动灌溉系统，通过土壤湿度传感器来控制浇水量和时间。\"不同的植物需要不同的水分，\"小明解释道，\"系统会根据植物类型自动调节。\"\r\n\r\n接着是光照控制系统。小明使用了LED生长灯，可以根据植物生长阶段调整光照强度和时间。\"在阴雨天或者光照不足的地方，也能让植物健康生长。\"\r\n\r\n温度和湿度控制也很重要。系统会根据天气变化自动调节小温室的通风和保温。\"就像给植物建了一个智能小房子，\"小明笑着说。\r\n\r\n为了让种植更智能化，小明还加入了图像识别功能。系统能通过摄像头观察植物的生长状况，发现病虫害就会及时提醒。用户还能通过手机APP随时查看植物的生长情况。\r\n\r\n\"最有趣的是营养配比系统，\"小明介绍道，\"不同的植物在不同生长阶段需要不同的营养。系统会自动配制和添加营养液，就像给植物定制营养餐。\"\r\n\r\n为了验证系统的效果，小明在自己家的阳台上搭建了一个示范农场。他种植了各种常见的蔬菜，如生菜、番茄和青椒。通过不断调试和改进，这些蔬菜都长得很好。\r\n\r\n\"最让我惊喜的是，\"小明说，\"系统不仅能种出健康的蔬菜，还能大大节省水资源。因为每一滴水都用在了刚刚好的地方。\"\r\n\r\n这个项目很快引起了社区的关注。很多邻居都想在自己家也建一个这样的小农场。小明开始琢磨如何把系统做得更简单实用，让更多人能享受到科技种植的乐趣。\r\n\r\n\"未来的农业一定会越来越智能化，\"小明说，\"但科技的目的是让种植变得更简单，让更多人能吃到健康的蔬菜。\"', 3, 600, 0, 110, 20, 1, '2025-06-11 20:30:59', '2025-06-11 21:28:39', 0);
INSERT INTO `chapter` VALUES (21, 6, '种子的秘密', '在一个偶然的机会，小明来到了一个传统手工艺工作室，遇到了泥塑大师张师傅。看着张师傅手中的泥土在灵巧的手指下变成栩栩如生的人物，小明被深深吸引了。\r\n\r\n\"泥塑是我国最古老的民间艺术之一，\"张师傅一边捏泥一边说，\"它不仅是一种手工艺，更是一种文化传承。\"\r\n\r\n小明开始跟着张师傅学习泥塑的基本技法。首先是和泥，\"泥土要和得恰到好处，\"张师傅说，\"太干会裂，太湿会塌，要像面团一样有韧性。\"\r\n\r\n接着是基础造型。张师傅教小明如何用简单的形状组合成各种造型。\"泥塑最讲究比例，\"张师傅说，\"哪怕是一个简单的动物，头身比例差一点都会显得不自然。\"\r\n\r\n小明第一次尝试制作一个小兔子。虽然造型还很粗糙，但他感受到了创作的乐趣。\"每个人都有自己的手感，\"张师傅鼓励道，\"关键是要多练习，慢慢就会找到感觉。\"\r\n\r\n随着学习的深入，小明开始接触更复杂的技法。张师傅教他如何刻画细节，如何表现质感。\"泥塑最难的是传神，\"张师傅说，\"要让作品有生命力，不是简单地堆砌细节。\"\r\n\r\n在制作人物泥塑时，张师傅特别强调表情的重要性。\"一个微笑，一个皱眉，都能表达不同的情感。这需要仔细观察生活，把握人物的神韵。\"\r\n\r\n小明还学会了上色技巧。\"传统泥塑用的是矿物颜料，\"张师傅解释道，\"每种颜色都有其特定的意义。比如红色代表喜庆，金色代表尊贵。\"\r\n\r\n渐渐地，小明的作品开始有了自己的特色。他尝试把现代元素融入传统泥塑中，创作出了一些新颖的作品。张师傅看了很欣慰：\"传统艺术要在传承中创新，这样才能保持活力。\"\r\n\r\n这段学习经历让小明深深体会到了传统手工艺的魅力。\"每一个泥塑作品都凝聚着匠人的心血，\"他说，\"这种专注和耐心，是现代社会最需要传承的精神。\"', 4, 600, 0, 100, 15, 1, '2025-06-11 20:30:59', '2025-06-11 21:28:39', 0);
INSERT INTO `chapter` VALUES (22, 7, '时光匠人', '春节快到了，小明来到了李奶奶的剪纸工作室。李奶奶是当地有名的剪纸艺人，她的作品既保留着传统特色，又充满创新精神。\r\n\r\n\"剪纸是我们中国最普及的民间艺术之一，\"李奶奶说，\"它用最简单的工具，创造出最丰富的艺术效果。\"她拿出一把小剪刀和红纸，开始教小明剪纸的基本技巧。\r\n\r\n首先是折纸。\"好的折纸是剪出好作品的基础，\"李奶奶说，\"要折得整齐，角要对齐，这样剪出来的图案才能对称。\"小明认真地学习着各种折纸方法，从最简单的对折，到复杂的多层折叠。\r\n\r\n接着是画样。李奶奶教小明如何在折好的纸上画出图案。\"画样子要注意留白，\"她说，\"剪纸艺术讲究的是虚实结合，要让图案既完整又通透。\"\r\n\r\n小明开始学习最基础的剪纸图案——窗花。李奶奶教他如何剪出简单的几何图案，然后逐渐过渡到花草、动物等复杂图案。\"剪纸要大胆剪，\"李奶奶说，\"但要心中有数，一刀下去就要知道会是什么样子。\"\r\n\r\n在学习过程中，小明发现剪纸还蕴含着丰富的文化内涵。每个传统图案都有其特定的寓意：喜鹊代表喜庆，牡丹象征富贵，蝙蝠寓意福气。\"这些都是老祖宗传下来的智慧，\"李奶奶说。\r\n\r\n渐渐地，小明开始尝试创作自己的作品。他把现代元素融入传统图案中，比如剪出了骑自行车的兔子，玩手机的小猫。李奶奶看了很高兴：\"剪纸艺术要与时俱进，这样才能保持生命力。\"\r\n\r\n为了记录这门手艺，小明开始用手机拍摄李奶奶剪纸的过程，还把学到的技巧整理成笔记。\"现在的年轻人愿意学习传统手工艺，这是很好的事情，\"李奶奶说，\"希望你们能把这门艺术传承下去。\"\r\n\r\n春节到来时，小明把自己剪的窗花贴满了家里的窗户。红红的窗花映着阳光，为新年增添了喜庆的气氛。邻居们看了都说好，还请小明教他们剪纸。\r\n\r\n这段学习经历让小明明白，传统手工艺不仅是一种技艺，更是一种文化的传承。\"每一刀都是匠心，每一剪都是传统，\"他说，\"我要把这份文化继续传递下去。\"', 1, 600, 0, 140, 35, 1, '2025-06-11 20:31:24', '2025-06-11 21:28:39', 0);
INSERT INTO `chapter` VALUES (23, 7, '传承之路', '在一次参观民间艺术展时，小明被一幅精美的刺绣作品吸引住了。作品中的花鸟栩栩如生，每一针每一线都透着匠人的心血。这让他对刺绣艺术产生了浓厚的兴趣。\r\n\r\n王阿姨是一位有着三十多年刺绣经验的艺人，她欣然答应教小明刺绣的基本技法。\"刺绣看似简单，实则讲究很多，\"王阿姨说，\"要想绣好一幅作品，首先要学会认线、选针。\"\r\n\r\n小明学会了区分不同的绣线。蚕丝线光泽柔和，适合绣制细腻的图案；棉线质地扎实，适合绣制粗犷的图案。\"选对了线，作品才能呈现出想要的效果，\"王阿姨说。\r\n\r\n绣针的选择也很重要。\"针要细而韧，眼要大小适中，\"王阿姨解释道，\"这样才能让线顺畅地穿过布料，又不会损伤绣线。\"小明仔细记下这些要点，为开始创作做准备。\r\n\r\n起针是最基础的功夫。王阿姨教小明如何在布上打点，如何控制针的方向和力度。\"每一针都要均匀，深浅一致，\"她说，\"这需要大量练习才能掌握。\"\r\n\r\n小明开始练习基本的绣法：直针、斜针、回针......每种针法都有其特点和用途。\"就像画画要会用不同的笔触，刺绣也要会用不同的针法，\"王阿姨说，\"这样才能表现出丰富的层次。\"\r\n\r\n在学习过程中，小明发现刺绣不仅需要技巧，更需要耐心和专注。有时候一朵小花要绣上几个小时，但当看到作品渐渐成型时，那种成就感是无法言说的。\r\n\r\n王阿姨还教小明如何搭配颜色。\"刺绣要懂得配色，\"她说，\"要像画家调色一样，知道哪些颜色搭配在一起会很和谐。\"小明学会了用不同深浅的线来表现明暗变化，让作品更有立体感。\r\n\r\n随着技艺的提升，小明开始尝试创作自己的作品。他选择了一些现代题材，比如城市风景、动漫人物，用传统的刺绣技法来表现。这种创新的尝试得到了王阿姨的肯定。\r\n\r\n\"传统手工艺需要年轻人的创新，\"王阿姨说，\"但创新要建立在对传统的理解和尊重之上。\"这句话让小明深有感触，他明白了传承与创新的关系。\r\n\r\n这段学习刺绣的经历，不仅让小明掌握了一门传统手工艺，更让他体会到了中国传统文化的精髓。\"一针一线，都是文化的延续，\"他说，\"我要把这份美好继续传承下去。\"', 2, 600, 0, 130, 30, 1, '2025-06-11 20:31:24', '2025-06-11 21:28:39', 0);
INSERT INTO `chapter` VALUES (24, 7, '时光的礼物', '一天，一位老人带着一只怀表来到店里。这只表是他父亲留下的唯一纪念，但已经坏了很多年。\r\n\r\n张师傅接过怀表，发现这是一只制作精良的瑞士表。他告诉小明：\"这只表见证了一个家族的历史，我们要用心修复它。\"\r\n\r\n在修复过程中，小明发现表的内部刻着一段话：\"愿时光永驻，记录美好。\"这让他更加理解了钟表修复工作的意义。\r\n\r\n最终，这只怀表重新走动起来，老人激动得流下了眼泪。', 3, 600, 0, 120, 25, 1, '2025-06-11 20:31:24', '2025-06-11 20:31:24', 0);
INSERT INTO `chapter` VALUES (25, 8, '海洋卫士', '在一个沿海小镇，小海和他的朋友们发现海滩上总是有很多垃圾。他们决定组织一次海滩清洁行动。\r\n\r\n\"海洋是地球的生命之源，\"小海对朋友们说，\"我们必须保护它。\"他们开始在社区宣传环保理念，号召更多人参与。\r\n\r\n第一次清洁活动那天，来了很多志愿者。他们分组行动，仔细清理海滩上的每一片垃圾。塑料瓶、渔网、泡沫箱，各种垃圾都被分类收集。\r\n\r\n这次活动让大家认识到了海洋污染的严重性。', 1, 600, 0, 110, 20, 1, '2025-06-11 20:31:24', '2025-06-11 20:31:24', 0);
INSERT INTO `chapter` VALUES (26, 8, '净化海洋行动', '在清理海滩的过程中，小海和朋友们发现很多海洋生物被塑料垃圾困扰。他们决定进行更深入的环保行动。\r\n\r\n他们请来了海洋生物学家，学习海洋生态知识。专家告诉他们：\"塑料垃圾在海洋中可能存在几百年，会对海洋生物造成巨大伤害。\"\r\n\r\n小海他们开始在学校和社区推广\"无塑生活\"理念，教大家如何减少塑料使用，选择环保替代品。\r\n\r\n这个行动得到了越来越多人的支持。', 2, 600, 0, 101, 15, 1, '2025-06-11 20:31:24', '2025-06-24 17:45:03', 0);
INSERT INTO `chapter` VALUES (27, 9, '年味记忆', '春节快到了，小童跟着奶奶准备年货。奶奶告诉他，每个传统节日都有其独特的习俗和意义。\r\n\r\n他们一起包饺子，奶奶解释道：\"饺子的形状像元宝，象征着富贵吉祥。在除夕吃饺子，是盼望新年能带来好运。\"\r\n\r\n小童还学会了贴春联、剪窗花。每一个动作都包含着传统文化的智慧，每一个装饰都寄托着美好的祝愿。\r\n\r\n这些传统习俗让小童感受到了浓浓的年味。', 1, 600, 0, 150, 40, 1, '2025-06-11 20:31:24', '2025-06-11 20:31:24', 0);
INSERT INTO `chapter` VALUES (28, 9, '元宵节的传说', '元宵节到了，小童跟着爷爷去看花灯。街上张灯结彩，到处都是欢声笑语。\r\n\r\n爷爷给小童讲述元宵节的由来：\"元宵节是农历新年的第一个月圆之夜，象征着团圆和美满。\"\r\n\r\n他们一起品尝汤圆，欣赏花灯。爷爷说：\"汤圆圆圆的形状代表着团圆，花灯则寄托着人们对美好生活的向往。\"\r\n\r\n这个夜晚，小童深深体会到了传统节日的魅力。', 2, 600, 0, 143, 35, 1, '2025-06-11 20:31:24', '2025-06-18 11:42:54', 0);
INSERT INTO `chapter` VALUES (29, 9, '端午寻香', '端午节来临，小童跟着妈妈学习包粽子。妈妈告诉他，端午节不仅是为了纪念屈原，也是一个重要的时节。\r\n\r\n他们采来新鲜的粽叶，准备各种馅料。妈妈教他如何把粽叶折成漏斗形，如何把馅料放得恰到好处。\r\n\r\n\"每个节日都承载着我们的文化记忆，\"妈妈说，\"这些传统要一代代传承下去。\"\r\n\r\n包粽子的过程让小童感受到了传统文化的温度。', 3, 600, 0, 132, 30, 1, '2025-06-11 20:31:24', '2025-06-17 18:06:09', 0);
INSERT INTO `chapter` VALUES (30, 9, '中秋团圆', '中秋节那天，全家人聚在一起赏月吃月饼。奶奶告诉小童，中秋节是中国传统文化中最重要的节日之一。\r\n\r\n\"月圆人圆，\"奶奶说，\"中秋节象征着团圆和思念。\"她给小童讲述了嫦娥奔月的传说，以及人们对月亮的美好寄托。\r\n\r\n全家人一起品尝各种口味的月饼，分享生活中的趣事。这样的时刻，让小童深深感受到了家人团聚的温暖。\r\n\r\n在这个月圆之夜，传统文化的魅力在小童心中留下了深深的印记。', 4, 600, 0, 122, 25, 1, '2025-06-11 20:31:24', '2025-06-17 18:06:09', 0);
INSERT INTO `chapter` VALUES (31, 10, '梦想的种子', '小建从小就喜欢用积木搭建各种建筑。这天，他在图书馆看到了一本关于绿色建筑的书，深深被这个理念吸引。\r\n\r\n书中介绍了如何设计既环保又美观的建筑。小建明白，未来的建筑不仅要美观，更要对环境友好。\r\n\r\n他开始尝试设计自己的作品，把环保元素融入其中。他画的房子有太阳能板、雨水收集系统，还有垂直绿化。\r\n\r\n这些创意让他的老师和同学们都很惊喜。', 1, 600, 0, 110, 20, 1, '2025-06-11 20:31:24', '2025-06-11 20:31:24', 0);
INSERT INTO `chapter` VALUES (32, 10, '绿色城市梦', '在一次校园设计比赛中，小建提交了一个\"绿色校园\"的方案。他设计了一个既节能环保又充满趣味的校园。\r\n\r\n方案中包括了屋顶花园、自然采光系统、雨水循环利用等创新设计。他还特别考虑了如何让建筑与自然环境和谐共处。\r\n\r\n评委们被他的创意打动，认为这个设计既实用又富有未来感。小建的设计获得了比赛的一等奖。\r\n\r\n这次成功让小建更加坚定了成为一名绿色建筑师的梦想。', 2, 600, 0, 101, 15, 1, '2025-06-11 20:31:24', '2025-06-24 18:47:11', 0);
INSERT INTO `chapter` VALUES (33, 10, '城市规划师', '一次偶然的机会，小建参观了城市规划展览馆。那里的沙盘模型和未来城市规划让他大开眼界。\r\n\r\n他了解到，一个城市的规划需要考虑交通、环境、人文等多个方面。好的规划可以让城市更宜居，让市民生活更便利。\r\n\r\n这次参观激发了他的灵感，他开始思考如何让自己的家乡变得更美好。他画了很多草图，设计了一个既有现代感又保留传统特色的社区。\r\n\r\n这些想法得到了老师的肯定，他们鼓励小建继续追求自己的建筑梦想。', 3, 600, 0, 90, 10, 1, '2025-06-11 20:31:24', '2025-06-11 20:31:24', 0);

-- ----------------------------
-- Table structure for chapter_permission
-- ----------------------------
DROP TABLE IF EXISTS `chapter_permission`;
CREATE TABLE `chapter_permission`  (
  `id` bigint NOT NULL AUTO_INCREMENT COMMENT 'ID',
  `user_id` bigint NOT NULL COMMENT '用户ID',
  `chapter_id` bigint NOT NULL COMMENT '章节ID',
  `permission_type` tinyint NOT NULL DEFAULT 1 COMMENT '权限类型：1-购买，2-VIP免费',
  `expire_time` datetime NULL DEFAULT NULL COMMENT '过期时间，NULL表示永久',
  `create_time` datetime NOT NULL DEFAULT CURRENT_TIMESTAMP COMMENT '创建时间',
  PRIMARY KEY (`id`) USING BTREE,
  UNIQUE INDEX `idx_user_chapter`(`user_id`, `chapter_id`) USING BTREE,
  INDEX `idx_chapter_id`(`chapter_id`) USING BTREE,
  INDEX `idx_expire_time`(`expire_time`) USING BTREE
) ENGINE = InnoDB AUTO_INCREMENT = 9 CHARACTER SET = utf8mb4 COLLATE = utf8mb4_0900_ai_ci COMMENT = '章节阅读权限表' ROW_FORMAT = DYNAMIC;

-- ----------------------------
-- Records of chapter_permission
-- ----------------------------

-- ----------------------------
-- Table structure for comment
-- ----------------------------
DROP TABLE IF EXISTS `comment`;
CREATE TABLE `comment`  (
  `id` bigint NOT NULL AUTO_INCREMENT COMMENT '评论ID',
  `story_id` bigint NOT NULL COMMENT '故事ID',
  `chapter_id` bigint NOT NULL DEFAULT 0 COMMENT '章节ID，0表示针对整个故事的评论',
  `user_id` bigint NOT NULL COMMENT '用户ID',
  `nickname` varchar(50) CHARACTER SET utf8mb4 COLLATE utf8mb4_0900_ai_ci NOT NULL COMMENT '用户昵称',
  `avatar` varchar(255) CHARACTER SET utf8mb4 COLLATE utf8mb4_0900_ai_ci NULL DEFAULT NULL COMMENT '用户头像',
  `content` varchar(1000) CHARACTER SET utf8mb4 COLLATE utf8mb4_0900_ai_ci NOT NULL COMMENT '评论内容',
  `parent_id` bigint NOT NULL DEFAULT 0 COMMENT '父评论ID，0表示一级评论',
  `like_count` int NOT NULL DEFAULT 0 COMMENT '点赞数',
  `create_time` datetime NOT NULL DEFAULT CURRENT_TIMESTAMP COMMENT '创建时间',
  `update_time` datetime NOT NULL DEFAULT CURRENT_TIMESTAMP ON UPDATE CURRENT_TIMESTAMP COMMENT '更新时间',
  `is_deleted` tinyint NOT NULL DEFAULT 0 COMMENT '是否删除：0-未删除，1-已删除',
  PRIMARY KEY (`id`) USING BTREE,
  INDEX `idx_story_id`(`story_id`) USING BTREE,
  INDEX `idx_chapter_id`(`chapter_id`) USING BTREE,
  INDEX `idx_user_id`(`user_id`) USING BTREE,
  INDEX `idx_parent_id`(`parent_id`) USING BTREE,
  INDEX `idx_create_time`(`create_time`) USING BTREE
) ENGINE = InnoDB AUTO_INCREMENT = 6 CHARACTER SET = utf8mb4 COLLATE = utf8mb4_0900_ai_ci COMMENT = '评论表' ROW_FORMAT = DYNAMIC;

-- ----------------------------
-- Records of comment
-- ----------------------------
INSERT INTO `comment` VALUES (1, 1, 0, 2, '童话作家', 'avatar2.png', '这个故事很有教育意义，孩子们都很喜欢！', 0, 10, '2025-06-11 19:33:16', '2025-06-11 19:33:16', 0);
INSERT INTO `comment` VALUES (2, 2, 0, 3, '历史讲述者', 'avatar3.png', '故事情节生动有趣，很好地展现了历史文化。', 0, 15, '2025-06-11 19:33:16', '2025-06-11 19:33:16', 0);

-- ----------------------------
-- Table structure for favorite
-- ----------------------------
DROP TABLE IF EXISTS `favorite`;
CREATE TABLE `favorite`  (
  `id` bigint NOT NULL AUTO_INCREMENT COMMENT '收藏ID',
  `user_id` bigint NOT NULL COMMENT '用户ID',
  `story_id` bigint NOT NULL COMMENT '故事ID',
  `create_time` datetime NOT NULL DEFAULT CURRENT_TIMESTAMP COMMENT '创建时间',
  `is_deleted` tinyint NOT NULL DEFAULT 0 COMMENT '是否删除：0-未删除，1-已删除',
  PRIMARY KEY (`id`) USING BTREE,
  UNIQUE INDEX `idx_user_story`(`user_id`, `story_id`) USING BTREE,
  INDEX `idx_user_id`(`user_id`) USING BTREE,
  INDEX `idx_story_id`(`story_id`) USING BTREE
) ENGINE = InnoDB AUTO_INCREMENT = 12 CHARACTER SET = utf8mb4 COLLATE = utf8mb4_0900_ai_ci COMMENT = '收藏表' ROW_FORMAT = DYNAMIC;

-- ----------------------------
-- Records of favorite
-- ----------------------------
INSERT INTO `favorite` VALUES (1, 2, 1, '2025-06-11 19:33:16', 0);
INSERT INTO `favorite` VALUES (2, 3, 2, '2025-06-11 19:33:16', 0);
INSERT INTO `favorite` VALUES (3, 2, 3, '2025-06-11 19:33:16', 0);
INSERT INTO `favorite` VALUES (7, 1, 1, '2025-06-23 20:55:28', 0);
INSERT INTO `favorite` VALUES (9, 12, 3, '2025-06-24 08:20:50', 0);
INSERT INTO `favorite` VALUES (10, 12, 6, '2025-06-24 08:31:11', 1);
INSERT INTO `favorite` VALUES (11, 12, 2, '2025-06-24 08:43:01', 0);
INSERT INTO `favorite` VALUES (12, 12, 7, '2025-06-24 21:30:53', 1);

-- ----------------------------
-- Table structure for order
-- ----------------------------
DROP TABLE IF EXISTS `order`;
CREATE TABLE `order`  (
  `id` bigint NOT NULL AUTO_INCREMENT COMMENT '订单ID',
  `order_no` varchar(64) CHARACTER SET utf8mb4 COLLATE utf8mb4_0900_ai_ci NOT NULL COMMENT '订单编号',
  `user_id` bigint NOT NULL COMMENT '用户ID',
  `order_type` tinyint NOT NULL COMMENT '订单类型：1-章节购买，2-VIP订阅，3-充值',
  `related_id` bigint NOT NULL COMMENT '关联ID（章节ID或VIP套餐ID）',
  `amount` decimal(10, 2) NOT NULL COMMENT '订单金额',
  `payment_method` tinyint NULL DEFAULT NULL COMMENT '支付方式：1-微信，2-支付宝，3-余额',
  `status` tinyint NOT NULL DEFAULT 0 COMMENT '订单状态：0-未支付，1-已支付，2-已取消，3-已退款',
  `pay_time` datetime NULL DEFAULT NULL COMMENT '支付时间',
  `create_time` datetime NOT NULL DEFAULT CURRENT_TIMESTAMP COMMENT '创建时间',
  `update_time` datetime NOT NULL DEFAULT CURRENT_TIMESTAMP ON UPDATE CURRENT_TIMESTAMP COMMENT '更新时间',
  PRIMARY KEY (`id`) USING BTREE,
  UNIQUE INDEX `idx_order_no`(`order_no`) USING BTREE,
  INDEX `idx_user_id`(`user_id`) USING BTREE,
  INDEX `idx_create_time`(`create_time`) USING BTREE,
  INDEX `idx_status`(`status`) USING BTREE
) ENGINE = InnoDB AUTO_INCREMENT = 1 CHARACTER SET = utf8mb4 COLLATE = utf8mb4_0900_ai_ci COMMENT = '订单表' ROW_FORMAT = DYNAMIC;

-- ----------------------------
-- Records of order
-- ----------------------------

-- ----------------------------
-- Table structure for story
-- ----------------------------
DROP TABLE IF EXISTS `story`;
CREATE TABLE `story`  (
  `id` bigint NOT NULL AUTO_INCREMENT COMMENT '故事ID',
  `title` varchar(100) CHARACTER SET utf8mb4 COLLATE utf8mb4_0900_ai_ci NOT NULL COMMENT '故事标题',
  `description` text CHARACTER SET utf8mb4 COLLATE utf8mb4_0900_ai_ci NULL COMMENT '故事简介',
  `author_id` bigint NOT NULL COMMENT '作者ID',
  `author_name` varchar(50) CHARACTER SET utf8mb4 COLLATE utf8mb4_0900_ai_ci NOT NULL COMMENT '作者名称',
  `cover_url` varchar(255) CHARACTER SET utf8mb4 COLLATE utf8mb4_0900_ai_ci NULL DEFAULT NULL COMMENT '封面图URL',
  `category_id` bigint NOT NULL COMMENT '分类ID',
  `status` tinyint NOT NULL DEFAULT 0 COMMENT '故事状态：0-连载中，1-已完结',
  `word_count` bigint NOT NULL DEFAULT 0 COMMENT '字数统计',
  `chapter_count` int NOT NULL DEFAULT 0 COMMENT '总章节数',
  `read_count` bigint NOT NULL DEFAULT 0 COMMENT '阅读量',
  `favorite_count` bigint NOT NULL DEFAULT 0 COMMENT '收藏量',
  `comment_count` bigint NOT NULL DEFAULT 0 COMMENT '评论量',
  `score` float NOT NULL DEFAULT 0 COMMENT '评分（1-10分）',
  `is_charged` tinyint NOT NULL DEFAULT 0 COMMENT '是否收费：0-免费，1-收费',
  `create_time` datetime NOT NULL DEFAULT CURRENT_TIMESTAMP COMMENT '创建时间',
  `update_time` datetime NOT NULL DEFAULT CURRENT_TIMESTAMP ON UPDATE CURRENT_TIMESTAMP COMMENT '更新时间',
  `last_chapter_id` bigint NULL DEFAULT NULL COMMENT '最后更新章节ID',
  `last_chapter_name` varchar(100) CHARACTER SET utf8mb4 COLLATE utf8mb4_0900_ai_ci NULL DEFAULT NULL COMMENT '最后更新章节名称',
  `last_update_time` datetime NULL DEFAULT NULL COMMENT '最后更新时间',
  `is_deleted` tinyint NOT NULL DEFAULT 0 COMMENT '是否删除：0-未删除，1-已删除',
  PRIMARY KEY (`id`) USING BTREE,
  INDEX `idx_author_id`(`author_id`) USING BTREE,
  INDEX `idx_category_id`(`category_id`) USING BTREE,
  INDEX `idx_status`(`status`) USING BTREE,
  INDEX `idx_create_time`(`create_time`) USING BTREE,
  INDEX `idx_last_update_time`(`last_update_time`) USING BTREE
) ENGINE = InnoDB AUTO_INCREMENT = 11 CHARACTER SET = utf8mb4 COLLATE = utf8mb4_0900_ai_ci COMMENT = '故事表' ROW_FORMAT = DYNAMIC;

-- ----------------------------
-- Records of story
-- ----------------------------
INSERT INTO `story` VALUES (1, '小蚂蚁的环保之旅', '这是一个关于小蚂蚁阿力教导小朋友们环保知识的暖心故事', 2, '童话作家', 'https://p3-flow-imagex-sign.byteimg.com/ocean-cloud-tos/image_skill/f68128c2-2886-417a-90ff-37399a12e96c_1749644102901534645_origin~tplv-a9rns2rl98-web-preview-watermark.jpeg?rk3s=6823e3d0&x-expires=1781180103&x-signature=wexoyfRg6XszAW2xsg3%2BUsbrVfo%3D', 1, 0, 3000, 3, 1200, 500, 300, 9.2, 0, '2025-06-11 19:33:16', '2025-06-11 20:16:49', 3, '垃圾分类大冒险', '2025-06-11 19:33:16', 0);
INSERT INTO `story` VALUES (2, '长城守护者', '讲述了一个古代小将守护长城的感人故事', 3, '历史讲述者', 'https://gips2.baidu.com/it/u=2618111920,882145171&fm=3074&app=3074&f=JPEG?w=896&h=1122&type=normal&func=', 2, 1, 5000, 5, 2000, 800, 400, 9.5, 0, '2025-06-11 19:33:16', '2025-06-11 19:55:58', 5, '塞外风云', '2025-06-11 19:33:16', 0);
INSERT INTO `story` VALUES (3, '小小发明家', '一个充满创造力的孩子，通过自己的智慧解决生活中的问题', 2, '童话作家', 'https://img1.baidu.com/it/u=3089139848,627951808&fm=253&fmt=auto&app=138&f=JPEG?w=500&h=707', 4, 0, 2500, 2, 1500, 600, 200, 9, 0, '2025-06-11 19:33:16', '2025-06-11 19:54:02', 2, '神奇的环保机器人', '2025-06-11 19:33:16', 0);
INSERT INTO `story` VALUES (4, '中华美食历险记', '跟随小厨师小明了解中国传统美食文化', 2, '童话作家', 'https://b0.bdstatic.com/0036f6f0338f609b156a476d57d0c4e1.jpg', 5, 0, 4000, 4, 1800, 700, 350, 9.3, 0, '2025-06-11 19:33:16', '2025-06-11 19:58:53', 4, '寻找失传的古方', '2025-06-11 19:33:16', 0);
INSERT INTO `story` VALUES (5, '勇敢的消防员', '讲述小小消防员成长为真正英雄的故事', 2, '童话作家', 'https://pics1.baidu.com/feed/a8773912b31bb051882fd4000c4ed4bb4aede056.jpeg@f_auto?token=ecc2c7686d65a6054249ad925d1c2c8a', 3, 1, 3500, 3, 1600, 550, 250, 9.4, 0, '2025-06-11 19:33:16', '2025-06-11 19:59:46', 3, '最后的营救', '2025-06-11 19:33:16', 0);
INSERT INTO `story` VALUES (6, '神奇植物园', '一个充满科学知识的植物园探险故事', 3, '历史讲述者', 'https://img0.baidu.com/it/u=593044816,1742133277&fm=253&fmt=auto&app=138&f=JPEG?w=500&h=666', 4, 0, 4500, 4, 1700, 650, 280, 9.1, 0, '2025-06-11 19:33:16', '2025-06-11 20:00:49', 4, '种子的秘密', '2025-06-11 19:33:16', 0);
INSERT INTO `story` VALUES (7, '古老钟表匠', '一个传承传统工艺的感人故事', 3, '历史讲述者', 'https://img1.baidu.com/it/u=2790411802,130755230&fm=253&fmt=auto&app=120&f=JPEG?w=800&h=1422', 5, 1, 3800, 3, 1400, 480, 220, 9.2, 0, '2025-06-11 19:33:16', '2025-06-11 20:02:01', 3, '时光的礼物', '2025-06-11 19:33:16', 0);
INSERT INTO `story` VALUES (8, '小小环保卫士', '孩子们守护地球家园的故事', 2, '童话作家', 'https://img1.baidu.com/it/u=981073520,2775363591&fm=253&fmt=auto&app=138&f=JPEG?w=500&h=750', 1, 0, 2800, 2, 1300, 420, 180, 9, 0, '2025-06-11 19:33:16', '2025-06-11 20:03:52', 2, '净化海洋行动', '2025-06-11 19:33:16', 0);
INSERT INTO `story` VALUES (9, '传统节日探秘', '了解中国传统节日习俗的有趣故事', 3, '历史讲述者', 'https://img0.baidu.com/it/u=938146720,2442166460&fm=253&fmt=auto&app=138&f=JPEG?w=500&h=521', 5, 0, 4200, 4, 1900, 750, 320, 9.3, 0, '2025-06-11 19:33:16', '2025-06-11 20:04:31', 4, '元宵节的传说', '2025-06-11 19:33:16', 0);
INSERT INTO `story` VALUES (10, '小小建筑师', '一个梦想成为建筑师的孩子的成长故事', 2, '童话作家', 'https://img0.baidu.com/it/u=3182311694,3855408065&fm=253&fmt=auto&app=120&f=JPEG?w=800&h=800', 3, 0, 3200, 3, 1500, 520, 240, 9.1, 0, '2025-06-11 19:33:16', '2025-06-11 20:04:57', 3, '生态城市梦', '2025-06-11 19:33:16', 0);

-- ----------------------------
-- Table structure for story_tag
-- ----------------------------
DROP TABLE IF EXISTS `story_tag`;
CREATE TABLE `story_tag`  (
  `id` bigint NOT NULL AUTO_INCREMENT COMMENT '关联ID',
  `story_id` bigint NOT NULL COMMENT '故事ID',
  `tag_id` bigint NOT NULL COMMENT '标签ID',
  PRIMARY KEY (`id`) USING BTREE,
  UNIQUE INDEX `idx_story_tag`(`story_id`, `tag_id`) USING BTREE,
  INDEX `idx_tag_id`(`tag_id`) USING BTREE
) ENGINE = InnoDB AUTO_INCREMENT = 16 CHARACTER SET = utf8mb4 COLLATE = utf8mb4_0900_ai_ci COMMENT = '故事-标签关联表' ROW_FORMAT = DYNAMIC;

-- ----------------------------
-- Records of story_tag
-- ----------------------------
INSERT INTO `story_tag` VALUES (1, 1, 1);
INSERT INTO `story_tag` VALUES (2, 1, 7);
INSERT INTO `story_tag` VALUES (3, 2, 2);
INSERT INTO `story_tag` VALUES (4, 2, 8);
INSERT INTO `story_tag` VALUES (5, 3, 3);
INSERT INTO `story_tag` VALUES (6, 3, 7);
INSERT INTO `story_tag` VALUES (7, 4, 5);
INSERT INTO `story_tag` VALUES (8, 4, 8);
INSERT INTO `story_tag` VALUES (9, 5, 2);
INSERT INTO `story_tag` VALUES (10, 5, 6);

-- ----------------------------
-- Table structure for tag
-- ----------------------------
DROP TABLE IF EXISTS `tag`;
CREATE TABLE `tag`  (
  `id` bigint NOT NULL AUTO_INCREMENT COMMENT '标签ID',
  `name` varchar(50) CHARACTER SET utf8mb4 COLLATE utf8mb4_0900_ai_ci NOT NULL COMMENT '标签名称',
  `description` varchar(200) CHARACTER SET utf8mb4 COLLATE utf8mb4_0900_ai_ci NULL DEFAULT NULL COMMENT '标签描述',
  `create_time` datetime NOT NULL DEFAULT CURRENT_TIMESTAMP COMMENT '创建时间',
  `update_time` datetime NOT NULL DEFAULT CURRENT_TIMESTAMP ON UPDATE CURRENT_TIMESTAMP COMMENT '更新时间',
  `is_deleted` tinyint NOT NULL DEFAULT 0 COMMENT '是否删除：0-未删除，1-已删除',
  PRIMARY KEY (`id`) USING BTREE,
  UNIQUE INDEX `idx_name`(`name`) USING BTREE
) ENGINE = InnoDB AUTO_INCREMENT = 13 CHARACTER SET = utf8mb4 COLLATE = utf8mb4_0900_ai_ci COMMENT = '标签表' ROW_FORMAT = DYNAMIC;

-- ----------------------------
-- Records of tag
-- ----------------------------
INSERT INTO `tag` VALUES (1, '温暖', '充满温情的故事', '2025-06-11 19:33:16', '2025-06-11 19:33:16', 0);
INSERT INTO `tag` VALUES (2, '励志', '激励人心的故事', '2025-06-11 19:33:16', '2025-06-11 19:33:16', 0);
INSERT INTO `tag` VALUES (3, '智慧', '蕴含智慧的故事', '2025-06-11 19:33:16', '2025-06-11 19:33:16', 0);
INSERT INTO `tag` VALUES (4, '冒险', '充满冒险的故事', '2025-06-11 19:33:16', '2025-06-11 19:33:16', 0);
INSERT INTO `tag` VALUES (5, '友情', '关于友情的故事', '2025-06-11 19:33:16', '2025-06-11 19:33:16', 0);
INSERT INTO `tag` VALUES (6, '勇气', '展现勇气的故事', '2025-06-11 19:33:16', '2025-06-11 19:33:16', 0);
INSERT INTO `tag` VALUES (7, '科学', '科学知识故事', '2025-06-11 19:33:16', '2025-06-11 19:33:16', 0);
INSERT INTO `tag` VALUES (8, '传统', '传统文化故事', '2025-06-11 19:33:16', '2025-06-11 19:33:16', 0);

-- ----------------------------
-- Table structure for user
-- ----------------------------
DROP TABLE IF EXISTS `user`;
CREATE TABLE `user`  (
  `id` bigint NOT NULL AUTO_INCREMENT COMMENT '用户ID',
  `username` varchar(50) CHARACTER SET utf8mb4 COLLATE utf8mb4_0900_ai_ci NOT NULL COMMENT '用户名',
  `password` varchar(100) CHARACTER SET utf8mb4 COLLATE utf8mb4_0900_ai_ci NOT NULL COMMENT '密码',
  `nickname` varchar(50) CHARACTER SET utf8mb4 COLLATE utf8mb4_0900_ai_ci NULL DEFAULT NULL COMMENT '昵称',
  `phone` varchar(11) CHARACTER SET utf8mb4 COLLATE utf8mb4_0900_ai_ci NOT NULL COMMENT '手机号',
  `email` varchar(100) CHARACTER SET utf8mb4 COLLATE utf8mb4_0900_ai_ci NULL DEFAULT NULL COMMENT '邮箱',
  `avatar` varchar(255) CHARACTER SET utf8mb4 COLLATE utf8mb4_0900_ai_ci NULL DEFAULT NULL COMMENT '头像URL',
  `status` tinyint NOT NULL DEFAULT 1 COMMENT '用户状态：0-禁用，1-正常',
  `user_type` tinyint NOT NULL DEFAULT 0 COMMENT '用户类型：0-普通用户，1-VIP用户，2-作者，3-管理员',
  `create_time` datetime NOT NULL DEFAULT CURRENT_TIMESTAMP COMMENT '注册时间',
  `update_time` datetime NOT NULL DEFAULT CURRENT_TIMESTAMP ON UPDATE CURRENT_TIMESTAMP COMMENT '更新时间',
  `last_login_time` datetime NULL DEFAULT NULL COMMENT '最后登录时间',
  `is_deleted` tinyint NOT NULL DEFAULT 0 COMMENT '是否删除：0-未删除，1-已删除',
  PRIMARY KEY (`id`) USING BTREE,
  UNIQUE INDEX `idx_username`(`username`) USING BTREE,
  INDEX `idx_phone`(`phone`) USING BTREE,
  INDEX `idx_email`(`email`) USING BTREE
) ENGINE = InnoDB AUTO_INCREMENT = 13 CHARACTER SET = utf8mb4 COLLATE = utf8mb4_0900_ai_ci COMMENT = '用户表' ROW_FORMAT = DYNAMIC;

-- ----------------------------
-- Records of user
-- ----------------------------
INSERT INTO `user` VALUES (1, 'story_admin', '$2a$12$mVLTsVHle1kHVj4Y6WeFk..3yNx65B4OqQZYSFTB3cSqkM5DMWabS', '故事管理员', '13800138000', 'admin@story.com', 'user_pic', 1, 3, '2025-06-11 19:33:16', '2025-06-23 11:31:52', '2025-06-11 19:33:16', 0);
INSERT INTO `user` VALUES (2, 'story_author1', 'password123', '童话作家', '13800138001', 'author1@story.com', 'https://picsum.photos/seed/author1/200', 1, 2, '2025-06-11 19:33:16', '2025-06-24 17:01:38', '2025-06-11 19:33:16', 0);
INSERT INTO `user` VALUES (3, 'story_author2', 'password123', '历史讲述者', '13800138002', 'author2@story.com', 'https://picsum.photos/seed/author2/200', 1, 2, '2025-06-11 19:33:16', '2025-06-24 17:01:45', '2025-06-11 19:33:16', 0);
INSERT INTO `user` VALUES (7, '小白不白', '$2a$12$Ngo/PZSLuOuaxRJ1Av5NbeVI.pSRtdbFSchn74Z6zg.0jGeRXBX7C', NULL, '13800138003', NULL, 'user_pic', 1, 0, '2025-06-16 14:40:05', '2025-06-23 11:32:04', '2025-06-16 14:40:05', 0);
INSERT INTO `user` VALUES (8, '华为用户', '$2a$12$OfzUi9v.swM8DfYpgmxORefrYRUBTkGBqJB9y3e0uyT3KoUU/KM/6', NULL, '13840072353', NULL, 'user_pic', 1, 0, '2025-06-20 20:45:37', '2025-06-23 11:32:08', NULL, 0);
INSERT INTO `user` VALUES (9, '华为用户_3d77c36d', '$2a$12$nDz2HsS75m4lpSX18Nc3Q.z6/Jzx7iNg2qOPe96Q3zwGq9l5QMnoa', NULL, '13834691812', NULL, 'user_pic', 1, 0, '2025-06-20 21:00:39', '2025-06-23 11:32:11', NULL, 0);
INSERT INTO `user` VALUES (12, '华为用户_7f5773a1', '$2a$12$T0R2CRto7HgtWCZDvK8N4uVpLruYBCpZl8F36P/qDGdmicj7lspsa', NULL, '13826000253', NULL, 'pic_user03', 1, 0, '2025-06-20 21:10:21', '2025-06-23 11:35:28', NULL, 0);

-- ----------------------------
-- Table structure for user_association
-- ----------------------------
DROP TABLE IF EXISTS `user_association`;
CREATE TABLE `user_association`  (
  `id` bigint NOT NULL AUTO_INCREMENT COMMENT 'id',
  `user_id` bigint NOT NULL COMMENT '用户id',
  `access_token` varchar(256) CHARACTER SET utf8mb4 COLLATE utf8mb4_0900_ai_ci NOT NULL COMMENT '用户token',
  `union_id` varchar(256) CHARACTER SET utf8mb4 COLLATE utf8mb4_0900_ai_ci NOT NULL COMMENT '用户unionId',
  `open_id` varchar(256) CHARACTER SET utf8mb4 COLLATE utf8mb4_0900_ai_ci NOT NULL COMMENT '用户openId',
  `create_time` datetime NOT NULL COMMENT '创建时间',
  `update_time` datetime NULL DEFAULT NULL COMMENT '更新时间',
  PRIMARY KEY (`id`) USING BTREE
) ENGINE = InnoDB AUTO_INCREMENT = 4 CHARACTER SET = utf8mb4 COLLATE = utf8mb4_0900_ai_ci ROW_FORMAT = DYNAMIC;

-- ----------------------------
-- Records of user_association
-- ----------------------------
INSERT INTO `user_association` VALUES (3, 12, 'DQEAAIbJiidr1FddBeaQyP3kWbd9YEfK9K0VqB0sSa6H7FNgHcyBZGH44x3tSiNnlqECc/Kw7GjbfnNNy0V0XuyMBim3LEpVsKq/3Le/V+2L', 'MDGwiaUniakTaFLPeJvn1RRIRBD5VibzoBsLPvZ85xUyYD86Q', 'AAAppRCorKacJ5KqiyUz4eiH_0Mf', '2025-06-20 21:10:22', '2025-06-20 21:10:22');

-- ----------------------------
-- Table structure for user_interaction
-- ----------------------------
DROP TABLE IF EXISTS `user_interaction`;
CREATE TABLE `user_interaction`  (
  `id` bigint NOT NULL AUTO_INCREMENT COMMENT '互动ID',
  `user_id` bigint NOT NULL COMMENT '用户ID',
  `target_id` bigint NOT NULL COMMENT '目标ID（故事ID或评论ID）',
  `target_type` tinyint NOT NULL COMMENT '目标类型：1-故事，2-评论',
  `interaction_type` tinyint NOT NULL COMMENT '互动类型：1-点赞，2-踩',
  `create_time` datetime NOT NULL DEFAULT CURRENT_TIMESTAMP COMMENT '创建时间',
  `update_time` datetime NOT NULL DEFAULT CURRENT_TIMESTAMP ON UPDATE CURRENT_TIMESTAMP COMMENT '更新时间',
  `is_deleted` tinyint NOT NULL DEFAULT 0 COMMENT '是否删除：0-未删除，1-已删除',
  PRIMARY KEY (`id`) USING BTREE,
  UNIQUE INDEX `idx_user_target`(`user_id`, `target_id`, `target_type`, `interaction_type`) USING BTREE,
  INDEX `idx_target`(`target_id`, `target_type`) USING BTREE,
  INDEX `idx_user_id`(`user_id`) USING BTREE
) ENGINE = InnoDB AUTO_INCREMENT = 1 CHARACTER SET = utf8mb4 COLLATE = utf8mb4_0900_ai_ci COMMENT = '用户互动表' ROW_FORMAT = DYNAMIC;

-- ----------------------------
-- Records of user_interaction
-- ----------------------------

-- ----------------------------
-- Table structure for user_read_history
-- ----------------------------
DROP TABLE IF EXISTS `user_read_history`;
CREATE TABLE `user_read_history`  (
  `id` bigint NOT NULL AUTO_INCREMENT COMMENT '历史记录ID',
  `user_id` bigint NOT NULL COMMENT '用户ID',
  `story_id` bigint NOT NULL COMMENT '故事ID',
  `chapter_id` bigint NOT NULL COMMENT '章节ID',
  `read_progress` int NOT NULL DEFAULT 0 COMMENT '阅读进度（字数位置）',
  `read_time` datetime NOT NULL DEFAULT CURRENT_TIMESTAMP COMMENT '阅读时间',
  `is_deleted` tinyint NOT NULL DEFAULT 0 COMMENT '是否删除：0-未删除，1-已删除',
  PRIMARY KEY (`id`) USING BTREE,
  UNIQUE INDEX `idx_user_story_chapter`(`user_id`, `story_id`, `chapter_id`) USING BTREE,
  INDEX `idx_user_id`(`user_id`) USING BTREE,
  INDEX `idx_story_id`(`story_id`) USING BTREE,
  INDEX `idx_read_time`(`read_time`) USING BTREE
) ENGINE = InnoDB AUTO_INCREMENT = 12 CHARACTER SET = utf8mb4 COLLATE = utf8mb4_0900_ai_ci COMMENT = '用户阅读历史表' ROW_FORMAT = DYNAMIC;

-- ----------------------------
-- Records of user_read_history
-- ----------------------------
INSERT INTO `user_read_history` VALUES (1, 2, 1, 1, 800, '2025-06-11 19:33:16', 0);
INSERT INTO `user_read_history` VALUES (2, 3, 2, 1, 600, '2025-06-11 19:33:16', 0);
INSERT INTO `user_read_history` VALUES (6, 1, 1, 1, 100, '2025-06-23 12:04:09', 0);
INSERT INTO `user_read_history` VALUES (7, 12, 9, 27, 100, '2025-06-23 12:32:39', 1);
INSERT INTO `user_read_history` VALUES (8, 12, 1, 1, 100, '2025-06-23 15:34:43', 0);
INSERT INTO `user_read_history` VALUES (9, 12, 8, 25, 0, '2025-06-23 16:17:32', 1);
INSERT INTO `user_read_history` VALUES (10, 12, 2, 4, 0, '2025-06-25 11:31:17', 0);
INSERT INTO `user_read_history` VALUES (13, 12, 10, 31, 0, '2025-06-24 20:12:03', 0);
INSERT INTO `user_read_history` VALUES (14, 12, 6, 18, 0, '2025-06-24 18:22:18', 0);
INSERT INTO `user_read_history` VALUES (17, 12, 9, 29, 0, '2025-06-25 10:53:32', 0);

-- ----------------------------
-- Table structure for user_vip
-- ----------------------------
DROP TABLE IF EXISTS `user_vip`;
CREATE TABLE `user_vip`  (
  `id` bigint NOT NULL AUTO_INCREMENT COMMENT '记录ID',
  `user_id` bigint NOT NULL COMMENT '用户ID',
  `vip_level` int NOT NULL DEFAULT 1 COMMENT 'VIP等级',
  `start_time` datetime NOT NULL COMMENT 'VIP开始时间',
  `end_time` datetime NOT NULL COMMENT 'VIP结束时间',
  `auto_renew` tinyint NOT NULL DEFAULT 0 COMMENT '是否自动续费：0-否，1-是',
  `create_time` datetime NOT NULL DEFAULT CURRENT_TIMESTAMP COMMENT '创建时间',
  `update_time` datetime NOT NULL DEFAULT CURRENT_TIMESTAMP ON UPDATE CURRENT_TIMESTAMP COMMENT '更新时间',
  PRIMARY KEY (`id`) USING BTREE,
  UNIQUE INDEX `idx_user_id`(`user_id`) USING BTREE,
  INDEX `idx_end_time`(`end_time`) USING BTREE
) ENGINE = InnoDB AUTO_INCREMENT = 1 CHARACTER SET = utf8mb4 COLLATE = utf8mb4_0900_ai_ci COMMENT = '用户VIP信息表' ROW_FORMAT = DYNAMIC;

-- ----------------------------
-- Records of user_vip
-- ----------------------------

-- ----------------------------
-- Table structure for vip_package
-- ----------------------------
DROP TABLE IF EXISTS `vip_package`;
CREATE TABLE `vip_package`  (
  `id` bigint NOT NULL AUTO_INCREMENT COMMENT '套餐ID',
  `name` varchar(50) CHARACTER SET utf8mb4 COLLATE utf8mb4_0900_ai_ci NOT NULL COMMENT '套餐名称',
  `description` varchar(200) CHARACTER SET utf8mb4 COLLATE utf8mb4_0900_ai_ci NULL DEFAULT NULL COMMENT '套餐描述',
  `price` decimal(10, 2) NOT NULL COMMENT '套餐价格',
  `duration` int NOT NULL COMMENT '套餐时长（月）',
  `discount` varchar(100) CHARACTER SET utf8mb4 COLLATE utf8mb4_0900_ai_ci NULL DEFAULT NULL COMMENT '折扣信息',
  `status` tinyint NOT NULL DEFAULT 1 COMMENT '状态：0-下架，1-上架',
  `create_time` datetime NOT NULL DEFAULT CURRENT_TIMESTAMP COMMENT '创建时间',
  `update_time` datetime NOT NULL DEFAULT CURRENT_TIMESTAMP ON UPDATE CURRENT_TIMESTAMP COMMENT '更新时间',
  PRIMARY KEY (`id`) USING BTREE
) ENGINE = InnoDB AUTO_INCREMENT = 4 CHARACTER SET = utf8mb4 COLLATE = utf8mb4_0900_ai_ci COMMENT = 'VIP套餐表' ROW_FORMAT = DYNAMIC;

-- ----------------------------
-- Records of vip_package
-- ----------------------------

SET FOREIGN_KEY_CHECKS = 1;
